geoid,county,state,gyms,population,gyms_per_10k,gyms_year
01001,Autauga,AL,9,59285,1.52,2023
01003,Baldwin,AL,28,239945,1.17,2023
01005,Barbour,AL,,24757,,
01007,Bibb,AL,0,22152,0.00,2023
01009,Blount,AL,5,59292,0.84,2023
01011,Bullock,AL,0,10157,0.00,2023
01013,Butler,AL,,18807,,
01015,Calhoun,AL,7,116141,0.60,2023
01017,Chambers,AL,,34450,,
01019,Cherokee,AL,,25224,,
01021,Chilton,AL,4,45500,0.88,2023
01023,Choctaw,AL,,12525,,
01025,Clarke,AL,0,22802,0.00,2023
01027,Clay,AL,0,14188,0.00,2023
01029,Cleburne,AL,0,15254,0.00,2023
01031,Coffee,AL,,54231,,
01033,Colbert,AL,8,57648,1.39,2023
01035,Conecuh,AL,0,11411,0.00,2023
01037,Coosa,AL,0,10323,0.00,2023
01039,Covington,AL,3,37647,0.80,2023
01041,Crenshaw,AL,0,13144,0.00,2023
01043,Cullman,AL,5,89463,0.56,2023
01045,Dale,AL,,49516,,
01047,Dallas,AL,,37536,,
01049,DeKalb,AL,3,71946,0.42,2020
01051,Elmore,AL,7,88669,0.79,2023
01053,Escambia,AL,,36695,,
01055,Etowah,AL,9,103208,0.87,2023
01057,Fayette,AL,0,16173,0.00,2023
01059,Franklin,AL,0,31978,0.00,2023
01061,Geneva,AL,0,26726,0.00,2023
01063,Greene,AL,0,7589,0.00,2023
01065,Hale,AL,0,14749,0.00,2023
01067,Henry,AL,,17450,,
01069,Houston,AL,15,107628,1.39,2023
01071,Jackson,AL,3,52839,0.57,2023
01073,Jefferson,AL,95,669744,1.42,2023
01075,Lamar,AL,0,13809,0.00,2023
01077,Lauderdale,AL,8,95037,0.84,2023
01079,Lawrence,AL,0,33182,0.00,2023
01081,Lee,AL,26,177663,1.46,2023
01083,Limestone,AL,5,107577,0.46,2023
01085,Lowndes,AL,0,10008,0.00,2023
01087,Macon,AL,0,18951,0.00,2023
01089,Madison,AL,68,397135,1.71,2023
01091,Marengo,AL,,19027,,
01093,Marion,AL,0,29190,0.00,2023
01095,Marshall,AL,4,98712,0.41,2023
01097,Mobile,AL,46,413162,1.11,2023
01099,Monroe,AL,0,19580,0.00,2023
01101,Montgomery,AL,26,227197,1.14,2023
01103,Morgan,AL,8,123742,0.65,2023
01105,Perry,AL,0,8231,0.00,2023
01107,Pickens,AL,,18843,,
01109,Pike,AL,3,32953,0.91,2019
01111,Randolph,AL,0,22310,0.00,2023
01113,Russell,AL,0,58858,0.00,2023
01115,St. Clair,AL,6,92903,0.65,2023
01117,Shelby,AL,35,226955,1.54,2023
01119,Sumter,AL,,12020,,
01121,Talladega,AL,5,81170,0.62,2023
01123,Tallapoosa,AL,3,41070,0.73,2023
01125,Tuscaloosa,AL,22,234036,0.94,2023
01127,Walker,AL,5,64886,0.77,2023
01129,Washington,AL,0,15270,0.00,2023
01131,Wilcox,AL,0,10347,0.00,2023
01133,Winston,AL,,23637,,
02013,Aleutians East,AK,0,3423,0.00,2023
02016,Aleutians West,AK,0,5178,0.00,2023
02020,Anchorage,AK,42,289069,1.45,2023
02050,Bethel,AK,,18487,,
02060,Bristol Bay,AK,0,878,0.00,2023
02068,Denali,AK,,2029,,
02070,Dillingham,AK,,4780,,
02090,Fairbanks North Star,AK,15,95555,1.57,2023
02100,Haines,AK,,2077,,
02105,Hoonah-Angoon,AK,0,2313,0.00,2023
02110,Juneau,AK,6,31969,1.88,2023
02122,Kenai Peninsula,AK,10,59843,1.67,2023
02130,Ketchikan Gateway,AK,3,13870,2.16,2021
02150,Kodiak Island,AK,0,12878,0.00,2023
02158,Kusilvak,AK,0,8277,0.00,2023
02164,Lake and Peninsula,AK,0,1007,0.00,2023
02170,Matanuska-Susitna,AK,10,110677,0.90,2023
02180,Nome,AK,0,9925,0.00,2023
02185,North Slope,AK,0,10891,0.00,2023
02188,Northwest Arctic,AK,0,7611,0.00,2023
02195,Petersburg,AK,,3394,,
02198,Prince of Wales-Hyder,AK,0,5730,0.00,2023
02220,Sitka,AK,,8393,,
02230,Skagway,AK,0,1308,0.00,2023
02240,Southeast Fairbanks,AK,,6936,,
02261,Valdez-Cordova,AK,0,,,2023
02275,Wrangell,AK,,2106,,
02282,Yakutat,AK,0,506,0.00,2023
02290,Yukon-Koyukuk,AK,0,5271,0.00,2023
04001,Apache,AZ,0,65680,0.00,2023
04003,Cochise,AZ,9,125458,0.72,2023
04005,Coconino,AZ,21,144643,1.45,2023
04007,Gila,AZ,4,53610,0.75,2021
04009,Graham,AZ,6,38860,1.54,2023
04011,Greenlee,AZ,0,9452,0.00,2023
04012,La Paz,AZ,0,16605,0.00,2023
04013,Maricopa,AZ,556,4491987,1.24,2023
04015,Mohave,AZ,16,217420,0.74,2023
04017,Navajo,AZ,6,107744,0.56,2023
04019,Pima,AZ,145,1049947,1.38,2023
04021,Pinal,AZ,16,449219,0.36,2023
04023,Santa Cruz,AZ,,48209,,
04025,Yavapai,AZ,21,241656,0.87,2023
04027,Yuma,AZ,13,207685,0.63,2023
05001,Arkansas,AR,,16773,,
05003,Ashley,AR,0,18722,0.00,2023
05005,Baxter,AR,6,42150,1.42,2023
05007,Benton,AR,41,294541,1.39,2023
05009,Boone,AR,3,37896,0.79,2023
05011,Bradley,AR,0,10354,0.00,2023
05013,Calhoun,AR,0,4717,0.00,2023
05015,Carroll,AR,,28526,,
05017,Chicot,AR,0,9997,0.00,2023
05019,Clark,AR,,21378,,
05021,Clay,AR,0,14399,0.00,2023
05023,Cleburne,AR,,25048,,
05025,Cleveland,AR,0,7491,0.00,2023
05027,Columbia,AR,4,22527,1.78,2023
05029,Conway,AR,,20872,,
05031,Craighead,AR,9,112097,0.80,2023
05033,Crawford,AR,3,60792,0.49,2023
05035,Crittenden,AR,3,47609,0.63,2022
05037,Cross,AR,3,16681,1.80,2020
05039,Dallas,AR,0,6351,0.00,2023
05041,Desha,AR,,11041,,
05043,Drew,AR,,17143,,
05045,Faulkner,AR,11,126001,0.87,2023
05047,Franklin,AR,0,17220,0.00,2023
05049,Fulton,AR,0,12239,0.00,2023
05051,Garland,AR,6,100062,0.60,2023
05053,Grant,AR,0,18111,0.00,2023
05055,Greene,AR,6,46182,1.30,2023
05057,Hempstead,AR,,19778,,
05059,Hot Spring,AR,,33142,,
05061,Howard,AR,3,12701,2.36,2023
05063,Independence,AR,3,38120,0.79,2022
05065,Izard,AR,0,13866,0.00,2023
05067,Jackson,AR,0,16775,0.00,2023
05069,Jefferson,AR,,65780,,
05071,Johnson,AR,3,25932,1.16,2023
05073,Lafayette,AR,0,6211,0.00,2023
05075,Lawrence,AR,0,16265,0.00,2023
05077,Lee,AR,,8511,,
05079,Lincoln,AR,0,12966,0.00,2023
05081,Little River,AR,0,11959,0.00,2023
05083,Logan,AR,0,21240,0.00,2023
05085,Lonoke,AR,4,74747,0.54,2023
05087,Madison,AR,0,17032,0.00,2023
05089,Marion,AR,,17076,,
05091,Miller,AR,3,42588,0.70,2023
05093,Mississippi,AR,5,39749,1.26,2023
05095,Monroe,AR,0,6681,0.00,2023
05097,Montgomery,AR,0,8571,0.00,2023
05099,Nevada,AR,0,8228,0.00,2023
05101,Newton,AR,0,7175,0.00,2023
05103,Ouachita,AR,3,22317,1.34,2019
05105,Perry,AR,0,10073,0.00,2023
05107,Phillips,AR,,15910,,
05109,Pike,AR,0,10182,0.00,2023
05111,Poinsett,AR,0,22740,0.00,2023
05113,Polk,AR,,19348,,
05115,Pope,AR,5,63830,0.78,2023
05117,Prairie,AR,0,8162,0.00,2023
05119,Pulaski,AR,47,398949,1.18,2023
05121,Randolph,AR,,18733,,
05123,St. Francis,AR,,22740,,
05125,Saline,AR,12,125724,0.95,2023
05127,Scott,AR,0,9839,0.00,2023
05129,Searcy,AR,0,7861,0.00,2023
05131,Sebastian,AR,13,128448,1.01,2023
05133,Sevier,AR,0,15797,0.00,2023
05135,Sharp,AR,0,17597,0.00,2023
05137,Stone,AR,0,12474,0.00,2023
05139,Union,AR,3,38368,0.78,2022
05141,Van Buren,AR,,15936,,
05143,Washington,AR,37,251863,1.47,2023
05145,White,AR,4,77395,0.52,2023
05147,Woodruff,AR,0,6157,0.00,2023
05149,Yell,AR,0,20195,0.00,2023
06001,Alameda,CA,244,1651949,1.48,2023
06003,Alpine,CA,0,1695,0.00,2023
06005,Amador,CA,3,41029,0.73,2023
06007,Butte,CA,30,209470,1.43,2023
06009,Calaveras,CA,3,45995,0.65,2023
06011,Colusa,CA,,21895,,
06013,Contra Costa,CA,176,1161458,1.52,2023
06015,Del Norte,CA,,27293,,
06017,El Dorado,CA,36,192299,1.87,2023
06019,Fresno,CA,86,1012152,0.85,2023
06021,Glenn,CA,3,28623,1.05,2023
06023,Humboldt,CA,19,135418,1.40,2023
06025,Imperial,CA,14,179319,0.78,2023
06027,Inyo,CA,,18803,,
06029,Kern,CA,66,910433,0.72,2023
06031,Kings,CA,10,152830,0.65,2023
06033,Lake,CA,7,68139,1.03,2023
06035,Lassen,CA,0,31177,0.00,2023
06037,Los Angeles,CA,1283,9848406,1.30,2023
06039,Madera,CA,7,158790,0.44,2023
06041,Marin,CA,86,258765,3.32,2023
06043,Mariposa,CA,,17060,,
06045,Mendocino,CA,13,90709,1.43,2023
06047,Merced,CA,17,285597,0.60,2023
06049,Modoc,CA,0,8646,0.00,2023
06051,Mono,CA,,13169,,
06053,Monterey,CA,53,435834,1.22,2023
06055,Napa,CA,29,136070,2.13,2023
06057,Nevada,CA,22,102452,2.15,2023
06059,Orange,CA,582,3164063,1.84,2023
06061,Placer,CA,75,412435,1.82,2023
06063,Plumas,CA,3,19607,1.53,2020
06065,Riverside,CA,262,2449909,1.07,2023
06067,Sacramento,CA,179,1584047,1.13,2023
06069,San Benito,CA,6,66056,0.91,2023
06071,San Bernardino,CA,202,2187816,0.92,2023
06073,San Diego,CA,578,3282782,1.76,2023
06075,San Francisco,CA,173,836321,2.07,2023
06077,San Joaquin,CA,51,787416,0.65,2023
06079,San Luis Obispo,CA,44,281486,1.56,2023
06081,San Mateo,CA,128,745100,1.72,2023
06083,Santa Barbara,CA,76,443975,1.71,2023
06085,Santa Clara,CA,309,1903297,1.62,2023
06087,Santa Cruz,CA,50,266021,1.88,2023
06089,Shasta,CA,30,181554,1.65,2023
06091,Sierra,CA,0,2731,0.00,2023
06093,Siskiyou,CA,5,43834,1.14,2021
06095,Solano,CA,53,450824,1.18,2023
06097,Sonoma,CA,104,485642,2.14,2023
06099,Stanislaus,CA,52,552250,0.94,2023
06101,Sutter,CA,11,98971,1.11,2023
06103,Tehama,CA,3,65520,0.46,2023
06105,Trinity,CA,,15886,,
06107,Tulare,CA,25,475774,0.53,2023
06109,Tuolumne,CA,4,54873,0.73,2023
06111,Ventura,CA,118,838259,1.41,2023
06113,Yolo,CA,35,217782,1.61,2023
06115,Yuba,CA,3,83079,0.36,2021
08001,Adams,CO,47,524408,0.90,2023
08003,Alamosa,CO,3,16515,1.82,2023
08005,Arapahoe,CO,115,655709,1.75,2023
08007,Archuleta,CO,3,13730,2.18,2023
08009,Baca,CO,0,3460,0.00,2023
08011,Bent,CO,0,5524,0.00,2023
08013,Boulder,CO,87,328317,2.65,2023
08014,Broomfield,CO,13,75110,1.73,2023
08015,Chaffee,CO,3,19876,1.51,2023
08017,Cheyenne,CO,0,1732,0.00,2023
08019,Clear Creek,CO,,9358,,
08021,Conejos,CO,0,7536,0.00,2023
08023,Costilla,CO,0,3571,0.00,2023
08025,Crowley,CO,0,5734,0.00,2023
08027,Custer,CO,0,5073,0.00,2023
08029,Delta,CO,3,31353,0.96,2023
08031,Denver,CO,184,713734,2.58,2023
08033,Dolores,CO,0,2385,0.00,2023
08035,Douglas,CO,80,368283,2.17,2023
08037,Eagle,CO,14,55374,2.53,2023
08039,Elbert,CO,,27152,,
08041,El Paso,CO,94,736008,1.28,2023
08043,Fremont,CO,3,49394,0.61,2023
08045,Garfield,CO,12,62034,1.93,2023
08047,Gilpin,CO,0,5877,0.00,2023
08049,Grand,CO,5,15794,3.17,2022
08051,Gunnison,CO,,17158,,
08053,Hinsdale,CO,0,939,0.00,2023
08055,Huerfano,CO,,6946,,
08057,Jackson,CO,,1422,,
08059,Jefferson,CO,111,579715,1.91,2023
08061,Kiowa,CO,0,1356,0.00,2023
08063,Kit Carson,CO,0,7015,0.00,2023
08065,Lake,CO,,7411,,
08067,La Plata,CO,11,56088,1.96,2023
08069,Larimer,CO,75,363561,2.06,2023
08071,Las Animas,CO,,14392,,
08073,Lincoln,CO,0,5561,0.00,2023
08075,Logan,CO,,21067,,
08077,Mesa,CO,18,157316,1.14,2023
08079,Mineral,CO,0,799,0.00,2023
08081,Moffat,CO,,13258,,
08083,Montezuma,CO,,26204,,
08085,Montrose,CO,4,43272,0.92,2023
08087,Morgan,CO,4,29186,1.37,2023
08089,Otero,CO,,18460,,
08091,Ouray,CO,,5024,,
08093,Park,CO,0,17739,0.00,2023
08095,Phillips,CO,0,4491,0.00,2023
08097,Pitkin,CO,8,17119,4.67,2023
08099,Prowers,CO,,11931,,
08101,Pueblo,CO,11,168726,0.65,2023
08103,Rio Blanco,CO,0,6518,0.00,2023
08105,Rio Grande,CO,,11394,,
08107,Routt,CO,8,24990,3.20,2023
08109,Saguache,CO,0,6511,0.00,2023
08111,San Juan,CO,,690,,
08113,San Miguel,CO,6,8026,7.48,2023
08115,Sedgwick,CO,0,2346,0.00,2023
08117,Summit,CO,6,30857,1.94,2023
08119,Teller,CO,,24774,,
08121,Washington,CO,0,4839,0.00,2023
08123,Weld,CO,31,340711,0.91,2023
08125,Yuma,CO,0,9921,0.00,2023
09001,Fairfield,CT,0,,,2023
09003,Hartford,CT,0,,,2023
09005,Litchfield,CT,0,,,2023
09007,Middlesex,CT,0,,,2023
09009,New Haven,CT,0,,,2023
09011,New London,CT,0,,,2023
09013,Tolland,CT,0,,,2023
09015,Windham,CT,0,,,2023
10001,Kent,DE,26,185043,1.41,2023
10003,New Castle,DE,113,573030,1.97,2023
10005,Sussex,DE,31,247799,1.25,2023
11001,District of Columbia,DC,121,672079,1.80,2023
12001,Alachua,FL,36,281751,1.28,2023
12003,Baker,FL,3,28186,1.06,2023
12005,Bay,FL,17,181368,0.94,2023
12007,Bradford,FL,,27888,,
12009,Brevard,FL,66,620533,1.06,2023
12011,Broward,FL,283,1946127,1.45,2023
12013,Calhoun,FL,0,13593,0.00,2023
12015,Charlotte,FL,10,195083,0.51,2023
12017,Citrus,FL,7,158693,0.44,2023
12019,Clay,FL,20,223436,0.90,2023
12021,Collier,FL,54,387681,1.39,2023
12023,Columbia,FL,5,70755,0.71,2023
12027,DeSoto,FL,0,34719,0.00,2023
12029,Dixie,FL,,16952,,
12031,Duval,FL,118,1007189,1.17,2023
12033,Escambia,FL,33,323275,1.02,2023
12035,Flagler,FL,12,121710,0.99,2023
12037,Franklin,FL,,12418,,
12039,Gadsden,FL,,43642,,
12041,Gilchrist,FL,,18494,,
12043,Glades,FL,,12324,,
12045,Gulf,FL,,14772,,
12047,Hamilton,FL,0,13445,0.00,2023
12049,Hardee,FL,,25508,,
12051,Hendry,FL,3,40798,0.74,2022
12053,Hernando,FL,19,201512,0.94,2023
12055,Highlands,FL,8,103808,0.77,2023
12057,Hillsborough,FL,239,1489634,1.60,2023
12059,Holmes,FL,0,19626,0.00,2023
12061,Indian River,FL,17,163856,1.04,2023
12063,Jackson,FL,,47652,,
12065,Jefferson,FL,0,14713,0.00,2023
12067,Lafayette,FL,0,8035,0.00,2023
12069,Lake,FL,32,398696,0.80,2023
12071,Lee,FL,76,792692,0.96,2023
12073,Leon,FL,52,295335,1.76,2023
12075,Levy,FL,,44276,,
12077,Liberty,FL,0,7650,0.00,2023
12079,Madison,FL,0,18113,0.00,2023
12081,Manatee,FL,49,416020,1.18,2023
12083,Marion,FL,27,387697,0.70,2023
12085,Martin,FL,26,160464,1.62,2023
12086,Miami-Dade,FL,369,2685296,1.37,2023
12087,Monroe,FL,17,81840,2.08,2023
12089,Nassau,FL,8,94653,0.85,2023
12091,Okaloosa,FL,36,214281,1.68,2023
12093,Okeechobee,FL,5,40249,1.24,2023
12095,Orange,FL,208,1440471,1.44,2023
12097,Osceola,FL,21,406943,0.52,2023
12099,Palm Beach,FL,248,1507453,1.65,2023
12101,Pasco,FL,64,588758,1.09,2023
12103,Pinellas,FL,168,960565,1.75,2023
12105,Polk,FL,44,760961,0.58,2023
12107,Putnam,FL,3,74235,0.40,2022
12109,St. Johns,FL,58,292243,1.98,2023
12111,St. Lucie,FL,42,346237,1.21,2023
12113,Santa Rosa,FL,20,193719,1.03,2023
12115,Sarasota,FL,75,449011,1.67,2023
12117,Seminole,FL,88,474912,1.85,2023
12119,Sumter,FL,6,137536,0.44,2023
12121,Suwannee,FL,,44484,,
12123,Taylor,FL,0,21422,0.00,2023
12125,Union,FL,0,15551,0.00,2023
12127,Volusia,FL,67,568229,1.18,2023
12129,Wakulla,FL,3,34608,0.87,2020
12131,Walton,FL,14,79846,1.75,2023
12133,Washington,FL,,25259,,
13001,Appling,GA,0,18426,0.00,2023
13003,Atkinson,GA,0,8261,0.00,2023
13005,Bacon,GA,0,11129,0.00,2023
13007,Baker,GA,0,2830,0.00,2023
13009,Baldwin,GA,3,43669,0.69,2023
13011,Banks,GA,,18757,,
13013,Barrow,GA,7,86982,0.80,2023
13015,Bartow,GA,14,111153,1.26,2023
13017,Ben Hill,GA,0,17138,0.00,2023
13019,Berrien,GA,0,18257,0.00,2023
13021,Bibb,GA,15,156543,0.96,2023
13023,Bleckley,GA,0,12414,0.00,2023
13025,Brantley,GA,0,18171,0.00,2023
13027,Brooks,GA,0,16285,0.00,2023
13029,Bryan,GA,4,46681,0.86,2023
13031,Bulloch,GA,6,81372,0.74,2023
13033,Burke,GA,,24427,,
13035,Butts,GA,,26074,,
13037,Calhoun,GA,0,5528,0.00,2023
13039,Camden,GA,3,56036,0.54,2023
13043,Candler,GA,0,10972,0.00,2023
13045,Carroll,GA,10,122187,0.82,2023
13047,Catoosa,GA,7,68356,1.02,2023
13049,Charlton,GA,0,12711,0.00,2023
13051,Chatham,GA,39,298143,1.31,2023
13053,Chattahoochee,GA,0,9181,0.00,2023
13055,Chattooga,GA,0,24975,0.00,2023
13057,Cherokee,GA,44,274539,1.60,2023
13059,Clarke,GA,26,129267,2.01,2023
13061,Clay,GA,0,2853,0.00,2023
13063,Clayton,GA,9,298771,0.30,2023
13065,Clinch,GA,0,6722,0.00,2023
13067,Cobb,GA,122,769152,1.59,2023
13069,Coffee,GA,3,43161,0.70,2023
13071,Colquitt,GA,,45907,,
13073,Columbia,GA,20,159638,1.25,2023
13075,Cook,GA,,17363,,
13077,Coweta,GA,15,150071,1.00,2023
13079,Crawford,GA,0,12183,0.00,2023
13081,Crisp,GA,0,19995,0.00,2023
13083,Dade,GA,0,16196,0.00,2023
13085,Dawson,GA,4,28704,1.39,2022
13087,Decatur,GA,,29118,,
13089,DeKalb,GA,98,762105,1.29,2023
13091,Dodge,GA,0,19909,0.00,2023
13093,Dooly,GA,0,11026,0.00,2023
13095,Dougherty,GA,6,83915,0.72,2023
13097,Douglas,GA,7,146141,0.48,2023
13099,Early,GA,0,10683,0.00,2023
13101,Echols,GA,0,3705,0.00,2023
13103,Effingham,GA,,67265,,
13105,Elbert,GA,,19725,,
13107,Emanuel,GA,,22961,,
13109,Evans,GA,0,10740,0.00,2023
13111,Fannin,GA,5,25605,1.95,2023
13113,Fayette,GA,28,120689,2.32,2023
13115,Floyd,GA,8,98985,0.81,2023
13117,Forsyth,GA,46,260062,1.77,2023
13119,Franklin,GA,0,23840,0.00,2023
13121,Fulton,GA,224,1068507,2.10,2023
13123,Gilmer,GA,3,31976,0.94,2023
13125,Glascock,GA,0,2913,0.00,2023
13127,Glynn,GA,12,84987,1.41,2023
13129,Gordon,GA,4,58336,0.69,2023
13131,Grady,GA,3,26056,1.15,2022
13133,Greene,GA,,19586,,
13135,Gwinnett,GA,110,966972,1.14,2023
13137,Habersham,GA,4,46948,0.85,2021
13139,Hall,GA,18,208395,0.86,2023
13141,Hancock,GA,0,8630,0.00,2023
13143,Haralson,GA,0,30720,0.00,2023
13145,Harris,GA,,35509,,
13147,Hart,GA,,26484,,
13149,Heard,GA,0,11616,0.00,2023
13151,Henry,GA,19,245417,0.77,2023
13153,Houston,GA,15,166902,0.90,2023
13155,Irwin,GA,0,9385,0.00,2023
13157,Jackson,GA,5,80640,0.62,2023
13159,Jasper,GA,0,15345,0.00,2023
13161,Jeff Davis,GA,0,14838,0.00,2023
13163,Jefferson,GA,,15468,,
13165,Jenkins,GA,0,8674,0.00,2023
13167,Johnson,GA,0,9192,0.00,2023
13169,Jones,GA,4,28526,1.40,2021
13171,Lamar,GA,0,19098,0.00,2023
13173,Lanier,GA,0,10094,0.00,2023
13175,Laurens,GA,4,49619,0.81,2023
13177,Lee,GA,0,33337,0.00,2023
13179,Liberty,GA,5,66826,0.75,2023
13181,Lincoln,GA,,7773,,
13183,Long,GA,0,17512,0.00,2023
13185,Lowndes,GA,10,119055,0.84,2023
13187,Lumpkin,GA,,33931,,
13189,McDuffie,GA,,21687,,
13191,McIntosh,GA,,11187,,
13193,Macon,GA,0,11953,0.00,2023
13195,Madison,GA,0,30914,0.00,2023
13197,Marion,GA,0,7474,0.00,2023
13199,Meriwether,GA,0,20757,0.00,2023
13201,Miller,GA,0,5873,0.00,2023
13205,Mitchell,GA,,21441,,
13207,Monroe,GA,,28919,,
13209,Montgomery,GA,0,8675,0.00,2023
13211,Morgan,GA,,20614,,
13213,Murray,GA,3,40282,0.74,2019
13215,Muscogee,GA,28,204383,1.37,2023
13217,Newton,GA,7,115530,0.61,2023
13219,Oconee,GA,14,42788,3.27,2023
13221,Oglethorpe,GA,0,15221,0.00,2023
13223,Paulding,GA,15,174292,0.86,2023
13225,Peach,GA,4,28269,1.41,2023
13227,Pickens,GA,3,34197,0.88,2021
13229,Pierce,GA,,19996,,
13231,Pike,GA,0,19540,0.00,2023
13233,Polk,GA,3,43365,0.69,2020
13235,Pulaski,GA,0,9893,0.00,2023
13237,Putnam,GA,3,22524,1.33,2023
13239,Quitman,GA,0,2092,0.00,2023
13241,Rabun,GA,3,17107,1.75,2022
13243,Randolph,GA,0,6270,0.00,2023
13245,Richmond,GA,13,206040,0.63,2023
13247,Rockdale,GA,7,94293,0.74,2023
13249,Schley,GA,0,4539,0.00,2023
13251,Screven,GA,0,14057,0.00,2023
13253,Seminole,GA,0,9117,0.00,2023
13255,Spalding,GA,3,68215,0.44,2023
13257,Stephens,GA,3,26842,1.12,2021
13259,Stewart,GA,0,4978,0.00,2023
13261,Sumter,GA,3,29174,1.03,2023
13263,Talbot,GA,0,5753,0.00,2023
13265,Taliaferro,GA,0,1740,0.00,2023
13267,Tattnall,GA,0,24215,0.00,2023
13269,Taylor,GA,0,7786,0.00,2023
13271,Telfair,GA,0,12174,0.00,2023
13273,Terrell,GA,0,8941,0.00,2023
13275,Thomas,GA,7,45696,1.53,2023
13277,Tift,GA,5,41322,1.21,2023
13279,Toombs,GA,4,26943,1.48,2023
13281,Towns,GA,,12739,,
13283,Treutlen,GA,0,6387,0.00,2023
13285,Troup,GA,5,69821,0.72,2023
13287,Turner,GA,0,8915,0.00,2023
13289,Twiggs,GA,0,7869,0.00,2023
13291,Union,GA,,25598,,
13293,Upson,GA,,27856,,
13295,Walker,GA,4,68449,0.58,2020
13297,Walton,GA,4,100361,0.40,2023
13299,Ware,GA,6,35958,1.67,2023
13301,Warren,GA,0,5175,0.00,2023
13303,Washington,GA,0,19893,0.00,2023
13305,Wayne,GA,,30519,,
13307,Webster,GA,0,2348,0.00,2023
13309,Wheeler,GA,0,7434,0.00,2023
13311,White,GA,,28454,,
13313,Whitfield,GA,10,103118,0.97,2023
13315,Wilcox,GA,0,8784,0.00,2023
13317,Wilkes,GA,0,9553,0.00,2023
13319,Wilkinson,GA,0,8795,0.00,2023
13321,Worth,GA,,20575,,
15001,Hawaii,HI,13,203684,0.64,2023
15003,Honolulu,HI,52,1003666,0.52,2023
15005,Kalawao,HI,0,43,0.00,2023
15007,Kauai,HI,6,73610,0.82,2023
15009,Maui,HI,28,164632,1.70,2023
16001,Ada,ID,100,508052,1.97,2023
16003,Adams,ID,,4599,,
16005,Bannock,ID,8,88457,0.90,2023
16007,Bear Lake,ID,,6552,,
16009,Benewah,ID,0,9913,0.00,2023
16011,Bingham,ID,,48993,,
16013,Blaine,ID,7,24579,2.85,2023
16015,Boise,ID,,8045,,
16017,Bonner,ID,9,49456,1.82,2023
16019,Bonneville,ID,12,127056,0.94,2023
16021,Boundary,ID,,12695,,
16023,Butte,ID,0,2654,0.00,2023
16025,Camas,ID,0,1155,0.00,2023
16027,Canyon,ID,14,242405,0.58,2023
16029,Caribou,ID,,7118,,
16031,Cassia,ID,5,25165,1.99,2023
16033,Clark,ID,0,776,0.00,2023
16035,Clearwater,ID,,8921,,
16037,Custer,ID,,4411,,
16039,Elmore,ID,3,29046,1.03,2021
16041,Franklin,ID,,14715,,
16043,Fremont,ID,,13701,,
16045,Gem,ID,,19854,,
16047,Gooding,ID,,15740,,
16049,Idaho,ID,,17120,,
16051,Jefferson,ID,,32234,,
16053,Jerome,ID,,24788,,
16055,Kootenai,ID,31,177736,1.74,2023
16057,Latah,ID,7,40315,1.74,2023
16059,Lemhi,ID,,8166,,
16061,Lewis,ID,0,3649,0.00,2023
16063,Lincoln,ID,0,5276,0.00,2023
16065,Madison,ID,3,53578,0.56,2021
16067,Minidoka,ID,,21922,,
16069,Nez Perce,ID,4,42477,0.94,2023
16071,Oneida,ID,0,4681,0.00,2023
16073,Owyhee,ID,0,12284,0.00,2023
16075,Payette,ID,0,26190,0.00,2023
16077,Power,ID,,8018,,
16079,Shoshone,ID,,13580,,
16081,Teton,ID,,12101,,
16083,Twin Falls,ID,10,92121,1.09,2023
16085,Valley,ID,3,12136,2.47,2023
16087,Washington,ID,,10866,,
17001,Adams,IL,9,65166,1.38,2023
17003,Alexander,IL,0,5042,0.00,2023
17005,Bond,IL,,16627,,
17007,Boone,IL,5,53316,0.94,2023
17009,Brown,IL,0,6320,0.00,2023
17011,Bureau,IL,,33027,,
17013,Calhoun,IL,0,4406,0.00,2023
17015,Carroll,IL,0,15621,0.00,2023
17017,Cass,IL,0,12826,0.00,2023
17019,Champaign,IL,21,206098,1.02,2023
17021,Christian,IL,,33684,,
17023,Clark,IL,0,15328,0.00,2023
17025,Clay,IL,,13173,,
17027,Clinton,IL,4,36899,1.08,2022
17029,Coles,IL,6,46689,1.29,2023
17031,Cook,IL,632,5185812,1.22,2023
17033,Crawford,IL,,18588,,
17035,Cumberland,IL,0,10378,0.00,2023
17037,DeKalb,IL,11,100512,1.09,2023
17039,De Witt,IL,,15461,,
17041,Douglas,IL,,19686,,
17043,DuPage,IL,199,927263,2.15,2023
17045,Edgar,IL,3,16637,1.80,2023
17047,Edwards,IL,0,6118,0.00,2023
17049,Effingham,IL,3,34505,0.87,2023
17051,Fayette,IL,3,21380,1.40,2023
17053,Ford,IL,,13396,,
17055,Franklin,IL,3,37541,0.80,2020
17057,Fulton,IL,3,33259,0.90,2023
17059,Gallatin,IL,0,4857,0.00,2023
17061,Greene,IL,0,11837,0.00,2023
17063,Grundy,IL,10,52920,1.89,2023
17065,Hamilton,IL,0,7972,0.00,2023
17067,Hancock,IL,0,17434,0.00,2023
17069,Hardin,IL,0,3623,0.00,2023
17071,Henderson,IL,0,6284,0.00,2023
17073,Henry,IL,4,48948,0.82,2023
17075,Iroquois,IL,,26746,,
17077,Jackson,IL,3,52706,0.57,2023
17079,Jasper,IL,0,9233,0.00,2023
17081,Jefferson,IL,4,36808,1.09,2023
17083,Jersey,IL,,21336,,
17085,Jo Daviess,IL,,21918,,
17087,Johnson,IL,0,13350,0.00,2023
17089,Kane,IL,63,516097,1.22,2023
17091,Kankakee,IL,10,106833,0.94,2023
17093,Kendall,IL,19,135053,1.41,2023
17095,Knox,IL,4,49294,0.81,2023
17097,Lake,IL,141,711885,1.98,2023
17099,LaSalle,IL,10,109049,0.92,2023
17101,Lawrence,IL,0,15137,0.00,2023
17103,Lee,IL,3,34058,0.88,2020
17105,Livingston,IL,3,35659,0.84,2021
17107,Logan,IL,,27870,,
17109,McDonough,IL,,27102,,
17111,McHenry,IL,42,311366,1.35,2023
17113,McLean,IL,27,170882,1.58,2023
17115,Macon,IL,10,102591,0.97,2023
17117,Macoupin,IL,5,44566,1.12,2023
17119,Madison,IL,43,264631,1.62,2023
17121,Marion,IL,6,37294,1.61,2023
17123,Marshall,IL,,11715,,
17125,Mason,IL,,12878,,
17127,Massac,IL,0,13958,0.00,2023
17129,Menard,IL,,12169,,
17131,Mercer,IL,,15619,,
17133,Monroe,IL,6,34969,1.72,2023
17135,Montgomery,IL,3,28078,1.07,2023
17137,Morgan,IL,3,32621,0.92,2023
17139,Moultrie,IL,,14469,,
17141,Ogle,IL,4,51536,0.78,2021
17143,Peoria,IL,21,179831,1.17,2023
17145,Perry,IL,,20810,,
17147,Piatt,IL,3,16702,1.80,2021
17149,Pike,IL,,14625,,
17151,Pope,IL,0,3757,0.00,2023
17153,Pulaski,IL,0,5074,0.00,2023
17155,Putnam,IL,,5600,,
17157,Randolph,IL,5,30142,1.66,2023
17159,Richland,IL,0,15675,0.00,2023
17161,Rock Island,IL,9,142995,0.63,2023
17163,St. Clair,IL,21,254777,0.82,2023
17165,Saline,IL,,23387,,
17167,Sangamon,IL,29,195217,1.49,2023
17169,Schuyler,IL,0,6826,0.00,2023
17171,Scott,IL,0,4847,0.00,2023
17173,Shelby,IL,,20867,,
17175,Stark,IL,0,5324,0.00,2023
17177,Stephenson,IL,6,44042,1.36,2023
17179,Tazewell,IL,15,130555,1.15,2023
17181,Union,IL,,16972,,
17183,Vermilion,IL,8,73179,1.09,2023
17185,Wabash,IL,0,11199,0.00,2023
17187,Warren,IL,,16576,,
17189,Washington,IL,0,13682,0.00,2023
17191,Wayne,IL,,15994,,
17193,White,IL,0,13708,0.00,2023
17195,Whiteside,IL,4,55192,0.72,2023
17197,Will,IL,90,698450,1.29,2023
17199,Williamson,IL,6,66902,0.90,2023
17201,Winnebago,IL,44,283289,1.55,2023
17203,Woodford,IL,3,38348,0.78,2022
18001,Adams,IN,4,35995,1.11,2023
18003,Allen,IN,46,388791,1.18,2023
18005,Bartholomew,IN,15,82881,1.81,2023
18007,Benton,IN,0,8708,0.00,2023
18009,Blackford,IN,,12007,,
18011,Boone,IN,12,72827,1.65,2023
18013,Brown,IN,,15543,,
18015,Carroll,IN,,20443,,
18017,Cass,IN,4,37703,1.06,2020
18019,Clark,IN,11,122800,0.90,2023
18021,Clay,IN,,26431,,
18023,Clinton,IN,,32967,,
18025,Crawford,IN,0,10494,0.00,2023
18027,Daviess,IN,3,33442,0.90,2023
18029,Dearborn,IN,3,50828,0.59,2023
18031,Decatur,IN,3,26411,1.14,2023
18033,DeKalb,IN,4,43584,0.92,2023
18035,Delaware,IN,14,112109,1.25,2023
18037,Dubois,IN,7,43563,1.61,2023
18039,Elkhart,IN,16,206868,0.77,2023
18041,Fayette,IN,,23390,,
18043,Floyd,IN,9,80512,1.12,2023
18045,Fountain,IN,,16546,,
18047,Franklin,IN,,22929,,
18049,Fulton,IN,0,20411,0.00,2023
18051,Gibson,IN,,32986,,
18053,Grant,IN,4,66377,0.60,2023
18055,Greene,IN,0,30954,0.00,2023
18057,Hamilton,IN,99,357176,2.77,2023
18059,Hancock,IN,5,82013,0.61,2023
18061,Harrison,IN,,39785,,
18063,Hendricks,IN,27,179379,1.51,2023
18065,Henry,IN,3,48896,0.61,2023
18067,Howard,IN,9,83610,1.08,2023
18069,Huntington,IN,7,36757,1.90,2023
18071,Jackson,IN,3,46319,0.65,2023
18073,Jasper,IN,5,33198,1.51,2023
18075,Jay,IN,,20281,,
18077,Jefferson,IN,,33074,,
18079,Jennings,IN,0,27584,0.00,2023
18081,Johnson,IN,15,163983,0.91,2023
18083,Knox,IN,3,36108,0.83,2023
18085,Kosciusko,IN,9,80357,1.12,2023
18087,LaGrange,IN,,40596,,
18089,Lake,IN,53,498990,1.06,2023
18091,LaPorte,IN,12,112141,1.07,2023
18093,Lawrence,IN,3,45077,0.67,2021
18095,Madison,IN,10,130949,0.76,2023
18097,Marion,IN,106,971822,1.09,2023
18099,Marshall,IN,5,46225,1.08,2023
18101,Martin,IN,0,9854,0.00,2023
18103,Miami,IN,,35772,,
18105,Monroe,IN,19,139822,1.36,2023
18107,Montgomery,IN,3,38155,0.79,2021
18109,Morgan,IN,8,72202,1.11,2023
18111,Newton,IN,0,13859,0.00,2023
18113,Noble,IN,,47417,,
18115,Ohio,IN,0,5993,0.00,2023
18117,Orange,IN,,19746,,
18119,Owen,IN,4,21434,1.87,2023
18121,Parke,IN,,16346,,
18123,Perry,IN,,19218,,
18125,Pike,IN,,12187,,
18127,Porter,IN,19,174150,1.09,2023
18129,Posey,IN,,25163,,
18131,Pulaski,IN,,12441,,
18133,Putnam,IN,,37091,,
18135,Randolph,IN,,24425,,
18137,Ripley,IN,3,29039,1.03,2023
18139,Rush,IN,3,16734,1.79,2023
18141,St. Joseph,IN,25,272574,0.92,2023
18143,Scott,IN,3,24468,1.23,2023
18145,Shelby,IN,4,45104,0.89,2021
18147,Spencer,IN,,19871,,
18149,Starke,IN,0,23300,0.00,2023
18151,Steuben,IN,3,34648,0.87,2023
18153,Sullivan,IN,,20766,,
18155,Switzerland,IN,,9914,,
18157,Tippecanoe,IN,18,187399,0.96,2023
18159,Tipton,IN,3,15329,1.96,2021
18161,Union,IN,0,7028,0.00,2023
18163,Vanderburgh,IN,25,179908,1.39,2023
18165,Vermillion,IN,,15452,,
18167,Vigo,IN,14,106201,1.32,2023
18169,Wabash,IN,3,30901,0.97,2023
18171,Warren,IN,0,8469,0.00,2023
18173,Warrick,IN,9,64650,1.39,2023
18175,Washington,IN,0,28167,0.00,2023
18177,Wayne,IN,5,66377,0.75,2023
18179,Wells,IN,,28261,,
18181,White,IN,,24709,,
18183,Whitley,IN,6,34388,1.74,2023
19001,Adair,IA,,7471,,
19003,Adams,IA,0,3641,0.00,2023
19005,Allamakee,IA,,14038,,
19007,Appanoose,IA,,12242,,
19009,Audubon,IA,0,5622,0.00,2023
19011,Benton,IA,,25698,,
19013,Black Hawk,IA,13,130693,0.99,2023
19015,Boone,IA,3,26669,1.12,2022
19017,Bremer,IA,3,25118,1.19,2021
19019,Buchanan,IA,,20645,,
19021,Buena Vista,IA,3,20684,1.45,2022
19023,Butler,IA,,14301,,
19025,Calhoun,IA,,9858,,
19027,Carroll,IA,,20677,,
19029,Cass,IA,,13115,,
19031,Cedar,IA,,18427,,
19033,Cerro Gordo,IA,8,42785,1.87,2023
19035,Cherokee,IA,0,11587,0.00,2023
19037,Chickasaw,IA,,11868,,
19039,Clarke,IA,0,9690,0.00,2023
19041,Clay,IA,3,16446,1.82,2023
19043,Clayton,IA,,17069,,
19045,Clinton,IA,6,46383,1.29,2023
19047,Crawford,IA,,16289,,
19049,Dallas,IA,22,104136,2.11,2023
19051,Davis,IA,0,9127,0.00,2023
19053,Decatur,IA,0,7669,0.00,2023
19055,Delaware,IA,,17549,,
19057,Des Moines,IA,,38597,,
19059,Dickinson,IA,8,17844,4.48,2023
19061,Dubuque,IA,15,98948,1.52,2023
19063,Emmet,IA,0,9316,0.00,2023
19065,Fayette,IA,,19393,,
19067,Floyd,IA,3,15502,1.94,2019
19069,Franklin,IA,,9977,,
19071,Fremont,IA,0,6570,0.00,2023
19073,Greene,IA,0,8722,0.00,2023
19075,Grundy,IA,,12352,,
19077,Guthrie,IA,,10646,,
19079,Hamilton,IA,,14893,,
19081,Hancock,IA,,10718,,
19083,Hardin,IA,,16729,,
19085,Harrison,IA,,14645,,
19087,Henry,IA,3,20228,1.48,2023
19089,Howard,IA,,9459,,
19091,Humboldt,IA,0,9573,0.00,2023
19093,Ida,IA,,6944,,
19095,Iowa,IA,,16547,,
19097,Jackson,IA,,19429,,
19099,Jasper,IA,3,37864,0.79,2023
19101,Jefferson,IA,,15676,,
19103,Johnson,IA,21,154881,1.36,2023
19105,Jones,IA,,20799,,
19107,Keokuk,IA,0,9964,0.00,2023
19109,Kossuth,IA,,14610,,
19111,Lee,IA,5,33175,1.51,2023
19113,Linn,IA,35,229463,1.53,2023
19115,Louisa,IA,,10710,,
19117,Lucas,IA,0,8685,0.00,2023
19119,Lyon,IA,0,12087,0.00,2023
19121,Madison,IA,,16760,,
19123,Mahaska,IA,3,22045,1.36,2021
19125,Marion,IA,4,33551,1.19,2023
19127,Marshall,IA,,39971,,
19129,Mills,IA,3,14563,2.06,2023
19131,Mitchell,IA,,10548,,
19133,Monona,IA,0,8619,0.00,2023
19135,Monroe,IA,0,7546,0.00,2023
19137,Montgomery,IA,,10254,,
19139,Muscatine,IA,7,42735,1.64,2023
19141,O'Brien,IA,,14103,,
19143,Osceola,IA,0,6114,0.00,2023
19145,Page,IA,0,15168,0.00,2023
19147,Palo Alto,IA,,8902,,
19149,Plymouth,IA,3,25699,1.17,2023
19151,Pocahontas,IA,,7040,,
19153,Polk,IA,89,497441,1.79,2023
19155,Pottawattamie,IA,8,93407,0.86,2023
19157,Poweshiek,IA,3,18582,1.61,2021
19159,Ringgold,IA,,4664,,
19161,Sac,IA,,9759,,
19163,Scott,IA,32,174302,1.84,2023
19165,Shelby,IA,,11757,,
19167,Sioux,IA,3,35984,0.83,2023
19169,Story,IA,15,98592,1.52,2023
19171,Tama,IA,,16982,,
19173,Taylor,IA,0,5901,0.00,2023
19175,Union,IA,3,12038,2.49,2022
19177,Van Buren,IA,0,7236,0.00,2023
19179,Wapello,IA,3,35265,0.85,2023
19181,Warren,IA,5,53484,0.93,2023
19183,Washington,IA,,22539,,
19185,Wayne,IA,,6518,,
19187,Webster,IA,6,36848,1.63,2023
19189,Winnebago,IA,,10648,,
19191,Winneshiek,IA,3,19972,1.50,2022
19193,Woodbury,IA,15,105760,1.42,2023
19195,Worth,IA,0,7380,0.00,2023
19197,Wright,IA,3,12817,2.34,2021
20001,Allen,KS,,12491,,
20003,Anderson,KS,0,7819,0.00,2023
20005,Atchison,KS,,16211,,
20007,Barber,KS,0,4153,0.00,2023
20009,Barton,KS,3,25275,1.19,2019
20011,Bourbon,KS,,14384,,
20013,Brown,KS,,9415,,
20015,Butler,KS,3,67916,0.44,2023
20017,Chase,KS,0,2579,0.00,2023
20019,Chautauqua,KS,0,3370,0.00,2023
20021,Cherokee,KS,,19236,,
20023,Cheyenne,KS,0,2628,0.00,2023
20025,Clark,KS,0,1987,0.00,2023
20027,Clay,KS,0,8071,0.00,2023
20029,Cloud,KS,,8973,,
20031,Coffey,KS,0,8304,0.00,2023
20033,Comanche,KS,0,1685,0.00,2023
20035,Cowley,KS,3,34487,0.87,2023
20037,Crawford,KS,5,38963,1.28,2023
20039,Decatur,KS,0,2746,0.00,2023
20041,Dickinson,KS,,18423,,
20043,Doniphan,KS,0,7492,0.00,2023
20045,Douglas,KS,14,119547,1.17,2023
20047,Edwards,KS,0,2817,0.00,2023
20049,Elk,KS,0,2464,0.00,2023
20051,Ellis,KS,3,28870,1.04,2023
20053,Ellsworth,KS,,6366,,
20055,Finney,KS,3,38001,0.79,2023
20057,Ford,KS,4,34133,1.17,2023
20059,Franklin,KS,,25994,,
20061,Geary,KS,3,35895,0.84,2023
20063,Gove,KS,0,2796,0.00,2023
20065,Graham,KS,0,2406,0.00,2023
20067,Grant,KS,0,7284,0.00,2023
20069,Gray,KS,0,5696,0.00,2023
20071,Greeley,KS,0,1296,0.00,2023
20073,Greenwood,KS,0,5956,0.00,2023
20075,Hamilton,KS,0,2485,0.00,2023
20077,Harper,KS,0,5446,0.00,2023
20079,Harvey,KS,,33823,,
20081,Haskell,KS,,3695,,
20083,Hodgeman,KS,0,1676,0.00,2023
20085,Jackson,KS,0,13277,0.00,2023
20087,Jefferson,KS,,18391,,
20089,Jewell,KS,0,2909,0.00,2023
20091,Johnson,KS,120,614764,1.95,2023
20093,Kearny,KS,0,3910,0.00,2023
20095,Kingman,KS,0,7284,0.00,2023
20097,Kiowa,KS,0,2422,0.00,2023
20099,Labette,KS,,19949,,
20101,Lane,KS,0,1497,0.00,2023
20103,Leavenworth,KS,4,82493,0.48,2023
20105,Lincoln,KS,0,2924,0.00,2023
20107,Linn,KS,,9723,,
20109,Logan,KS,,2720,,
20111,Lyon,KS,3,32145,0.93,2023
20113,McPherson,KS,4,30130,1.33,2023
20115,Marion,KS,0,11795,0.00,2023
20117,Marshall,KS,,10001,,
20119,Meade,KS,0,3949,0.00,2023
20121,Miami,KS,4,34625,1.16,2023
20123,Mitchell,KS,,5767,,
20125,Montgomery,KS,3,31143,0.96,2020
20127,Morris,KS,,5388,,
20129,Morton,KS,0,2647,0.00,2023
20131,Nemaha,KS,0,10213,0.00,2023
20133,Neosho,KS,,15715,,
20135,Ness,KS,0,2659,0.00,2023
20137,Norton,KS,0,5392,0.00,2023
20139,Osage,KS,,15780,,
20141,Osborne,KS,0,3473,0.00,2023
20143,Ottawa,KS,0,5782,0.00,2023
20145,Pawnee,KS,0,6220,0.00,2023
20147,Phillips,KS,0,4874,0.00,2023
20149,Pottawatomie,KS,3,25808,1.16,2021
20151,Pratt,KS,,9120,,
20153,Rawlins,KS,0,2533,0.00,2023
20155,Reno,KS,3,61693,0.49,2023
20157,Republic,KS,0,4662,0.00,2023
20159,Rice,KS,0,9389,0.00,2023
20161,Riley,KS,5,71710,0.70,2023
20163,Rooks,KS,0,4869,0.00,2023
20165,Rush,KS,0,2957,0.00,2023
20167,Russell,KS,0,6717,0.00,2023
20169,Saline,KS,6,53801,1.12,2023
20171,Scott,KS,,5071,,
20173,Sedgwick,KS,49,524810,0.93,2023
20175,Seward,KS,3,21640,1.39,2021
20177,Shawnee,KS,20,178315,1.12,2023
20179,Sheridan,KS,0,2442,0.00,2023
20181,Sherman,KS,0,5919,0.00,2023
20183,Smith,KS,0,3579,0.00,2023
20185,Stafford,KS,0,4004,0.00,2023
20187,Stanton,KS,0,2018,0.00,2023
20189,Stevens,KS,0,5212,0.00,2023
20191,Sumner,KS,0,22386,0.00,2023
20193,Thomas,KS,0,7913,0.00,2023
20195,Trego,KS,0,2778,0.00,2023
20197,Wabaunsee,KS,0,6961,0.00,2023
20199,Wallace,KS,0,1459,0.00,2023
20201,Washington,KS,0,5519,0.00,2023
20203,Wichita,KS,0,2115,0.00,2023
20205,Wilson,KS,0,8559,0.00,2023
20207,Woodson,KS,0,3118,0.00,2023
20209,Wyandotte,KS,12,167277,0.72,2023
21001,Adair,KY,0,19016,0.00,2023
21003,Allen,KY,,21029,,
21005,Anderson,KY,0,24098,0.00,2023
21007,Ballard,KY,0,7678,0.00,2023
21009,Barren,KY,3,44670,0.67,2021
21011,Bath,KY,0,12812,0.00,2023
21013,Bell,KY,4,23878,1.68,2023
21015,Boone,KY,12,137676,0.87,2023
21017,Bourbon,KY,,20174,,
21019,Boyd,KY,3,48043,0.62,2020
21021,Boyle,KY,5,30708,1.63,2023
21023,Bracken,KY,0,8427,0.00,2023
21025,Breathitt,KY,0,13438,0.00,2023
21027,Breckinridge,KY,,20722,,
21029,Bullitt,KY,7,83209,0.84,2023
21031,Butler,KY,0,12373,0.00,2023
21033,Caldwell,KY,0,12631,0.00,2023
21035,Calloway,KY,,37882,,
21037,Campbell,KY,11,93193,1.18,2023
21039,Carlisle,KY,0,4763,0.00,2023
21041,Carroll,KY,0,10878,0.00,2023
21043,Carter,KY,3,26515,1.13,2023
21045,Casey,KY,,15951,,
21047,Christian,KY,3,72599,0.41,2023
21049,Clark,KY,,37004,,
21051,Clay,KY,0,20105,0.00,2023
21053,Clinton,KY,,9240,,
21055,Crittenden,KY,0,8972,0.00,2023
21057,Cumberland,KY,0,5948,0.00,2023
21059,Daviess,KY,13,103195,1.26,2023
21061,Edmonson,KY,,12243,,
21063,Elliott,KY,0,7336,0.00,2023
21065,Estill,KY,0,14079,0.00,2023
21067,Fayette,KY,55,321122,1.71,2023
21069,Fleming,KY,0,15221,0.00,2023
21071,Floyd,KY,,35342,,
21073,Franklin,KY,5,51563,0.97,2023
21075,Fulton,KY,0,6440,0.00,2023
21077,Gallatin,KY,0,8749,0.00,2023
21079,Garrard,KY,0,17346,0.00,2023
21081,Grant,KY,,25238,,
21083,Graves,KY,3,36612,0.82,2023
21085,Grayson,KY,,26586,,
21087,Green,KY,0,11278,0.00,2023
21089,Greenup,KY,,35639,,
21091,Hancock,KY,0,9032,0.00,2023
21093,Hardin,KY,7,111452,0.63,2023
21095,Harlan,KY,3,26185,1.15,2023
21097,Harrison,KY,,18971,,
21099,Hart,KY,0,19470,0.00,2023
21101,Henderson,KY,4,44493,0.90,2023
21103,Henry,KY,0,15774,0.00,2023
21105,Hickman,KY,0,4470,0.00,2023
21107,Hopkins,KY,,45143,,
21109,Jackson,KY,0,13003,0.00,2023
21111,Jefferson,KY,98,777392,1.26,2023
21113,Jessamine,KY,7,53792,1.30,2023
21115,Johnson,KY,0,22464,0.00,2023
21117,Kenton,KY,23,169817,1.35,2023
21119,Knott,KY,0,14046,0.00,2023
21121,Knox,KY,0,30034,0.00,2023
21123,Larue,KY,0,15028,0.00,2023
21125,Laurel,KY,3,62731,0.48,2023
21127,Lawrence,KY,0,16171,0.00,2023
21129,Lee,KY,0,7375,0.00,2023
21131,Leslie,KY,0,10261,0.00,2023
21133,Letcher,KY,,21146,,
21135,Lewis,KY,0,13028,0.00,2023
21137,Lincoln,KY,0,24415,0.00,2023
21139,Livingston,KY,,8941,,
21141,Logan,KY,0,27731,0.00,2023
21143,Lyon,KY,,8831,,
21145,McCracken,KY,5,67584,0.74,2023
21147,McCreary,KY,0,16905,0.00,2023
21149,McLean,KY,0,9127,0.00,2023
21151,Madison,KY,10,94064,1.06,2023
21153,Magoffin,KY,0,11495,0.00,2023
21155,Marion,KY,,19680,,
21157,Marshall,KY,3,31728,0.95,2023
21159,Martin,KY,0,11181,0.00,2023
21161,Mason,KY,,16995,,
21163,Meade,KY,3,30032,1.00,2023
21165,Menifee,KY,0,6203,0.00,2023
21167,Mercer,KY,,22824,,
21169,Metcalfe,KY,0,10372,0.00,2023
21171,Monroe,KY,0,11318,0.00,2023
21173,Montgomery,KY,3,28271,1.06,2023
21175,Morgan,KY,0,13938,0.00,2023
21177,Muhlenberg,KY,0,30712,0.00,2023
21179,Nelson,KY,3,47102,0.64,2023
21181,Nicholas,KY,0,7655,0.00,2023
21183,Ohio,KY,0,23704,0.00,2023
21185,Oldham,KY,8,68600,1.17,2023
21187,Owen,KY,,11270,,
21189,Owsley,KY,0,4021,0.00,2023
21191,Pendleton,KY,,14683,,
21193,Perry,KY,0,27847,0.00,2023
21195,Pike,KY,3,57466,0.52,2023
21197,Powell,KY,0,13057,0.00,2023
21199,Pulaski,KY,5,65503,0.76,2023
21201,Robertson,KY,0,2239,0.00,2023
21203,Rockcastle,KY,0,16144,0.00,2023
21205,Rowan,KY,0,24525,0.00,2023
21207,Russell,KY,,18117,,
21209,Scott,KY,4,58269,0.69,2021
21211,Shelby,KY,5,48599,1.03,2023
21213,Simpson,KY,3,19786,1.52,2020
21215,Spencer,KY,,19875,,
21217,Taylor,KY,,26205,,
21219,Todd,KY,0,12330,0.00,2023
21221,Trigg,KY,0,14211,0.00,2023
21223,Trimble,KY,0,8531,0.00,2023
21225,Union,KY,0,13379,0.00,2023
21227,Warren,KY,20,137549,1.45,2023
21229,Washington,KY,0,12091,0.00,2023
21231,Wayne,KY,,19592,,
21233,Webster,KY,0,12873,0.00,2023
21235,Whitley,KY,3,36755,0.82,2021
21237,Wolfe,KY,0,6484,0.00,2023
21239,Woodford,KY,,27017,,
22001,Acadia,LA,6,57218,1.05,2023
22003,Allen,LA,0,22552,0.00,2023
22005,Ascension,LA,14,128593,1.09,2023
22007,Assumption,LA,0,20720,0.00,2023
22009,Avoyelles,LA,,39176,,
22011,Beauregard,LA,,36646,,
22013,Bienville,LA,0,12769,0.00,2023
22015,Bossier,LA,12,129134,0.93,2023
22017,Caddo,LA,35,232973,1.50,2023
22019,Calcasieu,LA,23,208668,1.10,2023
22021,Caldwell,LA,0,9563,0.00,2023
22023,Cameron,LA,,5222,,
22025,Catahoula,LA,0,8738,0.00,2023
22027,Claiborne,LA,0,14019,0.00,2023
22029,Concordia,LA,0,18325,0.00,2023
22031,De Soto,LA,,26897,,
22033,East Baton Rouge,LA,80,452821,1.77,2023
22035,East Carroll,LA,0,7195,0.00,2023
22037,East Feliciana,LA,0,19378,0.00,2023
22039,Evangeline,LA,,32162,,
22041,Franklin,LA,3,19590,1.53,2021
22043,Grant,LA,0,22123,0.00,2023
22045,Iberia,LA,6,69194,0.87,2023
22047,Iberville,LA,,29950,,
22049,Jackson,LA,0,14939,0.00,2023
22051,Jefferson,LA,60,432484,1.39,2023
22053,Jefferson Davis,LA,5,32083,1.56,2023
22055,Lafayette,LA,43,245075,1.75,2023
22057,Lafourche,LA,12,96670,1.24,2023
22059,LaSalle,LA,,14804,,
22061,Lincoln,LA,5,48160,1.04,2023
22063,Livingston,LA,12,145583,0.82,2023
22065,Madison,LA,0,9757,0.00,2023
22067,Morehouse,LA,0,24967,0.00,2023
22069,Natchitoches,LA,,37047,,
22071,Orleans,LA,47,376035,1.25,2023
22073,Ouachita,LA,16,158916,1.01,2023
22075,Plaquemines,LA,4,23070,1.73,2023
22077,Pointe Coupee,LA,,20438,,
22079,Rapides,LA,6,128470,0.47,2023
22081,Red River,LA,0,7529,0.00,2023
22083,Richland,LA,0,19908,0.00,2023
22085,Sabine,LA,,22085,,
22087,St. Bernard,LA,3,44172,0.68,2021
22089,St. Charles,LA,6,51863,1.16,2023
22091,St. Helena,LA,0,10849,0.00,2023
22093,St. James,LA,3,19797,1.52,2023
22095,St. John the Baptist,LA,5,41342,1.21,2022
22097,St. Landry,LA,9,82128,1.10,2023
22099,St. Martin,LA,3,51559,0.58,2019
22101,St. Mary,LA,3,48455,0.62,2022
22103,St. Tammany,LA,39,269331,1.45,2023
22105,Tangipahoa,LA,13,135218,0.96,2023
22107,Tensas,LA,,3992,,
22109,Terrebonne,LA,8,107362,0.75,2023
22111,Union,LA,,20914,,
22113,Vermilion,LA,6,57031,1.05,2023
22115,Vernon,LA,0,47764,0.00,2023
22117,Washington,LA,,45238,,
22119,Webster,LA,3,36189,0.83,2022
22121,West Baton Rouge,LA,0,27666,0.00,2023
22123,West Carroll,LA,0,9622,0.00,2023
22125,West Feliciana,LA,0,15381,0.00,2023
22127,Winn,LA,0,13506,0.00,2023
23001,Androscoggin,ME,8,112323,0.71,2023
23003,Aroostook,ME,3,67227,0.45,2023
23005,Cumberland,ME,89,305940,2.91,2023
23007,Franklin,ME,3,30145,1.00,2022
23009,Hancock,ME,10,56084,1.78,2023
23011,Kennebec,ME,19,125614,1.51,2023
23013,Knox,ME,9,40860,2.20,2023
23015,Lincoln,ME,4,35840,1.12,2023
23017,Oxford,ME,3,58728,0.51,2019
23019,Penobscot,ME,15,153571,0.98,2023
23021,Piscataquis,ME,,17125,,
23023,Sagadahoc,ME,5,37093,1.35,2023
23025,Somerset,ME,3,50852,0.59,2020
23027,Waldo,ME,,40006,,
23029,Washington,ME,,31261,,
23031,York,ME,18,214731,0.84,2023
24001,Allegany,MD,3,67762,0.44,2023
24003,Anne Arundel,MD,93,590936,1.57,2023
24005,Baltimore,MD,108,849586,1.27,2023
24009,Calvert,MD,5,93791,0.53,2023
24011,Caroline,MD,3,33406,0.90,2020
24013,Carroll,MD,24,174318,1.38,2023
24015,Cecil,MD,7,104366,0.67,2023
24017,Charles,MD,10,168710,0.59,2023
24019,Dorchester,MD,3,32612,0.92,2020
24021,Frederick,MD,39,280341,1.39,2023
24023,Garrett,MD,3,28713,1.04,2023
24025,Harford,MD,31,262509,1.18,2023
24027,Howard,MD,50,333916,1.50,2023
24029,Kent,MD,3,19265,1.56,2021
24031,Montgomery,MD,165,1057586,1.56,2023
24033,Prince George's,MD,55,955584,0.58,2023
24035,Queen Anne's,MD,6,50951,1.18,2022
24037,St. Mary's,MD,11,114372,0.96,2023
24039,Somerset,MD,0,24685,0.00,2023
24041,Talbot,MD,8,37707,2.12,2023
24043,Washington,MD,13,155033,0.84,2023
24045,Wicomico,MD,10,104117,0.96,2023
24047,Worcester,MD,7,53279,1.31,2023
24510,Baltimore,MD,54,577193,0.94,2023
25001,Barnstable,MA,49,230073,2.13,2023
25003,Berkshire,MA,9,128047,0.70,2023
25005,Bristol,MA,75,578436,1.30,2023
25007,Dukes,MA,6,20751,2.89,2023
25009,Essex,MA,132,807258,1.64,2023
25011,Franklin,MA,6,70922,0.85,2023
25013,Hampden,MA,42,462853,0.91,2023
25015,Hampshire,MA,24,156595,1.53,2023
25017,Middlesex,MA,337,1622896,2.08,2023
25019,Nantucket,MA,9,14299,6.29,2023
25021,Norfolk,MA,171,724540,2.36,2023
25023,Plymouth,MA,127,531889,2.39,2023
25025,Suffolk,MA,128,782172,1.64,2023
25027,Worcester,MA,115,861664,1.33,2023
26001,Alcona,MI,0,10310,0.00,2023
26003,Alger,MI,,8813,,
26005,Allegan,MI,3,120913,0.25,2023
26007,Alpena,MI,,28908,,
26009,Antrim,MI,,23876,,
26011,Arenac,MI,,15054,,
26013,Baraga,MI,0,8249,0.00,2023
26015,Barry,MI,,62982,,
26017,Bay,MI,6,103235,0.58,2023
26019,Benzie,MI,,18177,,
26021,Berrien,MI,20,153411,1.30,2023
26023,Branch,MI,3,44914,0.67,2023
26025,Calhoun,MI,6,133846,0.45,2023
26027,Cass,MI,3,51606,0.58,2023
26029,Charlevoix,MI,4,26143,1.53,2023
26031,Cheboygan,MI,,25778,,
26033,Chippewa,MI,,36448,,
26035,Clare,MI,,31109,,
26037,Clinton,MI,4,79419,0.50,2023
26039,Crawford,MI,,13271,,
26041,Delta,MI,6,36829,1.63,2023
26043,Dickinson,MI,7,25940,2.70,2023
26045,Eaton,MI,3,109000,0.28,2023
26047,Emmet,MI,5,34159,1.46,2023
26049,Genesee,MI,32,404087,0.79,2023
26051,Gladwin,MI,,25543,,
26053,Gogebic,MI,,14348,,
26055,Grand Traverse,MI,12,95757,1.25,2023
26057,Gratiot,MI,4,41478,0.96,2019
26059,Hillsdale,MI,3,45658,0.66,2023
26061,Houghton,MI,3,37428,0.80,2023
26063,Huron,MI,,31258,,
26065,Ingham,MI,22,282015,0.78,2023
26067,Ionia,MI,3,66706,0.45,2023
26069,Iosco,MI,3,25333,1.18,2023
26071,Iron,MI,,11650,,
26073,Isabella,MI,6,64475,0.93,2023
26075,Jackson,MI,6,160187,0.37,2023
26077,Kalamazoo,MI,35,261437,1.34,2023
26079,Kalkaska,MI,,18116,,
26081,Kent,MI,78,658844,1.18,2023
26083,Keweenaw,MI,,2106,,
26085,Lake,MI,,12393,,
26087,Lapeer,MI,3,88703,0.34,2023
26089,Leelanau,MI,,22607,,
26091,Lenawee,MI,4,98823,0.40,2023
26093,Livingston,MI,21,195143,1.08,2023
26095,Luce,MI,,6325,,
26097,Mackinac,MI,,10865,,
26099,Macomb,MI,93,877624,1.06,2023
26101,Manistee,MI,,25247,,
26103,Marquette,MI,5,66430,0.75,2023
26105,Mason,MI,3,29177,1.03,2022
26107,Mecosta,MI,3,40321,0.74,2023
26109,Menominee,MI,,23295,,
26111,Midland,MI,9,83641,1.08,2023
26113,Missaukee,MI,0,15156,0.00,2023
26115,Monroe,MI,9,155001,0.58,2023
26117,Montcalm,MI,4,67174,0.60,2023
26119,Montmorency,MI,,9372,,
26121,Muskegon,MI,7,175378,0.40,2023
26123,Newaygo,MI,3,50414,0.60,2021
26125,Oakland,MI,199,1272294,1.56,2023
26127,Oceana,MI,,26788,,
26129,Ogemaw,MI,,20853,,
26131,Ontonagon,MI,,5870,,
26133,Osceola,MI,,23122,,
26135,Oscoda,MI,,8338,,
26137,Otsego,MI,3,25352,1.18,2023
26139,Ottawa,MI,32,298614,1.07,2023
26141,Presque Isle,MI,,13142,,
26143,Roscommon,MI,,23639,,
26145,Saginaw,MI,14,189210,0.74,2023
26147,St. Clair,MI,8,160089,0.50,2023
26149,St. Joseph,MI,3,60870,0.49,2023
26151,Sanilac,MI,3,40574,0.74,2020
26153,Schoolcraft,MI,,8093,,
26155,Shiawassee,MI,3,68061,0.44,2023
26157,Tuscola,MI,,53071,,
26159,Van Buren,MI,3,75681,0.40,2023
26161,Washtenaw,MI,61,368394,1.66,2023
26163,Wayne,MI,139,1773767,0.78,2023
26165,Wexford,MI,3,33868,0.89,2023
27001,Aitkin,MN,,15930,,
27003,Anoka,MN,37,367095,1.01,2023
27005,Becker,MN,3,35260,0.85,2023
27007,Beltrami,MN,7,46421,1.51,2023
27009,Benton,MN,5,41458,1.21,2023
27011,Big Stone,MN,0,5152,0.00,2023
27013,Blue Earth,MN,14,69386,2.02,2023
27015,Brown,MN,6,25826,2.32,2023
27017,Carlton,MN,3,36457,0.82,2022
27019,Carver,MN,18,108622,1.66,2023
27021,Cass,MN,,30688,,
27023,Chippewa,MN,0,12388,0.00,2023
27025,Chisago,MN,4,57434,0.70,2023
27027,Clay,MN,8,65628,1.22,2023
27029,Clearwater,MN,0,8579,0.00,2023
27031,Cook,MN,,5633,,
27033,Cottonwood,MN,0,11458,0.00,2023
27035,Crow Wing,MN,9,67113,1.34,2023
27037,Dakota,MN,63,442204,1.42,2023
27039,Dodge,MN,3,20962,1.43,2023
27041,Douglas,MN,7,39354,1.78,2023
27043,Faribault,MN,,13909,,
27045,Fillmore,MN,,21346,,
27047,Freeborn,MN,,30752,,
27049,Goodhue,MN,6,47844,1.25,2023
27051,Grant,MN,,6108,,
27053,Hennepin,MN,231,1268903,1.82,2023
27055,Houston,MN,,18768,,
27057,Hubbard,MN,,21700,,
27059,Isanti,MN,3,41934,0.72,2023
27061,Itasca,MN,3,45141,0.66,2019
27063,Jackson,MN,3,9964,3.01,2019
27065,Kanabec,MN,,16261,,
27067,Kandiyohi,MN,5,43757,1.14,2023
27069,Kittson,MN,0,4163,0.00,2023
27071,Koochiching,MN,,11950,,
27073,Lac qui Parle,MN,0,6694,0.00,2023
27075,Lake,MN,,10911,,
27077,Lake of the Woods,MN,,3800,,
27079,Le Sueur,MN,4,28936,1.38,2023
27081,Lincoln,MN,,5594,,
27083,Lyon,MN,3,25498,1.18,2023
27085,McLeod,MN,5,36771,1.36,2023
27087,Mahnomen,MN,0,5371,0.00,2023
27089,Marshall,MN,0,8961,0.00,2023
27091,Martin,MN,4,19864,2.01,2023
27093,Meeker,MN,,23422,,
27095,Mille Lacs,MN,,26912,,
27097,Morrison,MN,4,34131,1.17,2023
27099,Mower,MN,3,40069,0.75,2023
27101,Murray,MN,0,8119,0.00,2023
27103,Nicollet,MN,,34350,,
27105,Nobles,MN,,22067,,
27107,Norman,MN,0,6411,0.00,2023
27109,Olmsted,MN,21,163425,1.28,2023
27111,Otter Tail,MN,3,60281,0.50,2023
27113,Pennington,MN,,13877,,
27115,Pine,MN,0,29411,0.00,2023
27117,Pipestone,MN,,9352,,
27119,Polk,MN,3,30905,0.97,2021
27121,Pope,MN,,11363,,
27123,Ramsey,MN,63,544438,1.16,2023
27125,Red Lake,MN,0,3922,0.00,2023
27127,Redwood,MN,,15383,,
27129,Renville,MN,,14587,,
27131,Rice,MN,10,67389,1.48,2023
27133,Rock,MN,,9628,,
27135,Roseau,MN,,15301,,
27137,St. Louis,MN,21,200056,1.05,2023
27139,Scott,MN,14,152957,0.92,2023
27141,Sherburne,MN,15,99178,1.51,2023
27143,Sibley,MN,,14933,,
27145,Stearns,MN,18,159358,1.13,2023
27147,Steele,MN,6,37413,1.60,2023
27149,Stevens,MN,,9686,,
27151,Swift,MN,,9787,,
27153,Todd,MN,3,25402,1.18,2020
27155,Traverse,MN,0,3279,0.00,2023
27157,Wabasha,MN,,21519,,
27159,Wadena,MN,,14135,,
27161,Waseca,MN,3,18958,1.58,2023
27163,Washington,MN,53,272298,1.95,2023
27165,Watonwan,MN,,11169,,
27167,Wilkin,MN,0,6413,0.00,2023
27169,Winona,MN,9,49705,1.81,2023
27171,Wright,MN,22,145270,1.51,2023
27173,Yellow Medicine,MN,,9509,,
28001,Adams,MS,,29098,,
28003,Alcorn,MS,3,34500,0.87,2020
28005,Amite,MS,0,12611,0.00,2023
28007,Attala,MS,3,17685,1.70,2019
28009,Benton,MS,0,7592,0.00,2023
28011,Bolivar,MS,4,30163,1.33,2023
28013,Calhoun,MS,0,13029,0.00,2023
28015,Carroll,MS,0,9828,0.00,2023
28017,Chickasaw,MS,0,16994,0.00,2023
28019,Choctaw,MS,0,8172,0.00,2023
28021,Claiborne,MS,,8908,,
28023,Clarke,MS,0,15424,0.00,2023
28025,Clay,MS,,18462,,
28027,Coahoma,MS,,20808,,
28029,Copiah,MS,0,27994,0.00,2023
28031,Covington,MS,0,18226,0.00,2023
28033,DeSoto,MS,18,188598,0.95,2023
28035,Forrest,MS,10,78027,1.28,2023
28037,Franklin,MS,0,7655,0.00,2023
28039,George,MS,0,24870,0.00,2023
28041,Greene,MS,0,13595,0.00,2023
28043,Grenada,MS,4,21342,1.87,2023
28045,Hancock,MS,4,46057,0.87,2023
28047,Harrison,MS,21,209443,1.00,2023
28049,Hinds,MS,17,222494,0.76,2023
28051,Holmes,MS,,16491,,
28053,Humphreys,MS,0,7570,0.00,2023
28055,Issaquena,MS,0,1095,0.00,2023
28057,Itawamba,MS,,23942,,
28059,Jackson,MS,10,144437,0.69,2023
28061,Jasper,MS,0,16211,0.00,2023
28063,Jefferson,MS,0,7127,0.00,2023
28065,Jefferson Davis,MS,0,11183,0.00,2023
28067,Jones,MS,3,66839,0.45,2023
28069,Kemper,MS,0,8855,0.00,2023
28071,Lafayette,MS,12,56920,2.11,2023
28073,Lamar,MS,9,65081,1.38,2023
28075,Lauderdale,MS,4,71984,0.56,2023
28077,Lawrence,MS,0,11883,0.00,2023
28079,Leake,MS,0,21288,0.00,2023
28081,Lee,MS,11,83138,1.32,2023
28083,Leflore,MS,4,27432,1.46,2023
28085,Lincoln,MS,3,34830,0.86,2023
28087,Lowndes,MS,9,58187,1.55,2023
28089,Madison,MS,22,110303,1.99,2023
28091,Marion,MS,3,24303,1.23,2023
28093,Marshall,MS,0,33899,0.00,2023
28095,Monroe,MS,,33928,,
28097,Montgomery,MS,,9708,,
28099,Neshoba,MS,,28927,,
28101,Newton,MS,,21151,,
28103,Noxubee,MS,0,10136,0.00,2023
28105,Oktibbeha,MS,6,51473,1.17,2023
28107,Panola,MS,,32965,,
28109,Pearl River,MS,4,56781,0.70,2023
28111,Perry,MS,0,11459,0.00,2023
28113,Pike,MS,3,39930,0.75,2021
28115,Pontotoc,MS,,31312,,
28117,Prentiss,MS,,24999,,
28119,Quitman,MS,0,5908,0.00,2023
28121,Rankin,MS,27,158218,1.71,2023
28123,Scott,MS,,27754,,
28125,Sharkey,MS,0,3848,0.00,2023
28127,Simpson,MS,0,25817,0.00,2023
28129,Smith,MS,0,14193,0.00,2023
28131,Stone,MS,0,18515,0.00,2023
28133,Sunflower,MS,0,25328,0.00,2023
28135,Tallahatchie,MS,0,12363,0.00,2023
28137,Tate,MS,,28135,,
28139,Tippah,MS,0,21621,0.00,2023
28141,Tishomingo,MS,,18738,,
28143,Tunica,MS,0,9586,0.00,2023
28145,Union,MS,0,28009,0.00,2023
28147,Walthall,MS,0,13864,0.00,2023
28149,Warren,MS,6,43623,1.38,2023
28151,Washington,MS,3,43674,0.69,2020
28153,Wayne,MS,,19699,,
28155,Webster,MS,0,9942,0.00,2023
28157,Wilkinson,MS,,8376,,
28159,Winston,MS,0,17609,0.00,2023
28161,Yalobusha,MS,0,12439,0.00,2023
28163,Yazoo,MS,0,26837,0.00,2023
29001,Adair,MO,,25224,,
29003,Andrew,MO,,18086,,
29005,Atchison,MO,,5216,,
29007,Audrain,MO,,24688,,
29009,Barry,MO,3,34831,0.86,2023
29011,Barton,MO,0,11685,0.00,2023
29013,Bates,MO,,16121,,
29015,Benton,MO,,19887,,
29017,Bollinger,MO,0,10591,0.00,2023
29019,Boone,MO,36,185874,1.94,2023
29021,Buchanan,MO,10,83855,1.19,2023
29023,Butler,MO,3,42166,0.71,2023
29025,Caldwell,MO,0,8890,0.00,2023
29027,Callaway,MO,,44541,,
29029,Camden,MO,5,43416,1.15,2023
29031,Cape Girardeau,MO,5,82180,0.61,2023
29033,Carroll,MO,0,8459,0.00,2023
29035,Carter,MO,0,5269,0.00,2023
29037,Cass,MO,7,109393,0.64,2023
29039,Cedar,MO,,14440,,
29041,Chariton,MO,,7406,,
29043,Christian,MO,9,91229,0.99,2023
29045,Clark,MO,0,6680,0.00,2023
29047,Clay,MO,30,255566,1.17,2023
29049,Clinton,MO,,21259,,
29051,Cole,MO,11,76924,1.43,2023
29053,Cooper,MO,4,16835,2.38,2023
29055,Crawford,MO,,22890,,
29057,Dade,MO,0,7627,0.00,2023
29059,Dallas,MO,,17344,,
29061,Daviess,MO,0,8449,0.00,2023
29063,DeKalb,MO,0,11176,0.00,2023
29065,Dent,MO,0,14506,0.00,2023
29067,Douglas,MO,0,11850,0.00,2023
29069,Dunklin,MO,,27795,,
29071,Franklin,MO,17,105316,1.61,2023
29073,Gasconade,MO,,14774,,
29075,Gentry,MO,0,6224,0.00,2023
29077,Greene,MO,39,301121,1.30,2023
29079,Grundy,MO,,9822,,
29081,Harrison,MO,0,8198,0.00,2023
29083,Henry,MO,,22194,,
29085,Hickory,MO,0,8501,0.00,2023
29087,Holt,MO,,4254,,
29089,Howard,MO,0,10141,0.00,2023
29091,Howell,MO,3,40168,0.75,2021
29093,Iron,MO,,9482,,
29095,Jackson,MO,87,717021,1.21,2023
29097,Jasper,MO,10,123532,0.81,2023
29099,Jefferson,MO,12,228227,0.53,2023
29101,Johnson,MO,4,54331,0.74,2023
29103,Knox,MO,0,3760,0.00,2023
29105,Laclede,MO,3,36245,0.83,2023
29107,Lafayette,MO,,32974,,
29109,Lawrence,MO,3,38392,0.78,2020
29111,Lewis,MO,,9945,,
29113,Lincoln,MO,3,61636,0.49,2023
29115,Linn,MO,,11850,,
29117,Livingston,MO,,14330,,
29119,McDonald,MO,0,23492,0.00,2023
29121,Macon,MO,3,15163,1.98,2022
29123,Madison,MO,0,12665,0.00,2023
29125,Maries,MO,0,8435,0.00,2023
29127,Marion,MO,3,28493,1.05,2020
29129,Mercer,MO,0,3501,0.00,2023
29131,Miller,MO,,25081,,
29133,Mississippi,MO,0,12079,0.00,2023
29135,Moniteau,MO,4,15303,2.61,2023
29137,Monroe,MO,0,8672,0.00,2023
29139,Montgomery,MO,0,11422,0.00,2023
29141,Morgan,MO,,21430,,
29143,New Madrid,MO,0,16041,0.00,2023
29145,Newton,MO,3,59490,0.50,2023
29147,Nodaway,MO,,20959,,
29149,Oregon,MO,0,8704,0.00,2023
29151,Osage,MO,0,13379,0.00,2023
29153,Ozark,MO,,8773,,
29155,Pemiscot,MO,,15232,,
29157,Perry,MO,,18947,,
29159,Pettis,MO,3,43205,0.69,2023
29161,Phelps,MO,6,44948,1.33,2023
29163,Pike,MO,,17623,,
29165,Platte,MO,18,108751,1.66,2023
29167,Polk,MO,,32109,,
29169,Pulaski,MO,3,53850,0.56,2020
29171,Putnam,MO,0,4675,0.00,2023
29173,Ralls,MO,,10394,,
29175,Randolph,MO,3,24524,1.22,2023
29177,Ray,MO,,23149,,
29179,Reynolds,MO,0,6058,0.00,2023
29181,Ripley,MO,0,10755,0.00,2023
29183,St. Charles,MO,65,409830,1.59,2023
29185,St. Clair,MO,0,9451,0.00,2023
29186,Ste. Genevieve,MO,0,18551,0.00,2023
29187,St. Francois,MO,,66864,,
29189,St. Louis,MO,177,996618,1.78,2023
29195,Saline,MO,0,23177,0.00,2023
29197,Schuyler,MO,0,4044,0.00,2023
29199,Scotland,MO,0,4698,0.00,2023
29201,Scott,MO,3,37967,0.79,2023
29203,Shannon,MO,0,7137,0.00,2023
29205,Shelby,MO,0,6011,0.00,2023
29207,Stoddard,MO,3,28547,1.05,2019
29209,Stone,MO,3,31697,0.95,2021
29211,Sullivan,MO,0,5903,0.00,2023
29213,Taney,MO,4,56382,0.71,2023
29215,Texas,MO,0,24956,0.00,2023
29217,Vernon,MO,,19713,,
29219,Warren,MO,,36467,,
29221,Washington,MO,,23483,,
29223,Wayne,MO,,10942,,
29225,Webster,MO,4,39868,1.00,2021
29227,Worth,MO,0,1956,0.00,2023
29229,Wright,MO,,18722,,
29510,St. Louis,MO,47,293109,1.60,2023
30001,Beaverhead,MT,3,9590,3.13,2023
30003,Big Horn,MT,,12963,,
30005,Blaine,MT,0,6997,0.00,2023
30007,Broadwater,MT,,7310,,
30009,Carbon,MT,,10877,,
30011,Carter,MT,0,1361,0.00,2023
30013,Cascade,MT,13,84601,1.54,2023
30015,Chouteau,MT,,5888,,
30017,Custer,MT,,11938,,
30019,Daniels,MT,,1524,,
30021,Dawson,MT,,8874,,
30023,Deer Lodge,MT,,9512,,
30025,Fallon,MT,0,2817,0.00,2023
30027,Fergus,MT,,11581,,
30029,Flathead,MT,20,108445,1.84,2023
30031,Gallatin,MT,39,122194,3.19,2023
30033,Garfield,MT,0,938,0.00,2023
30035,Glacier,MT,0,13713,0.00,2023
30037,Golden Valley,MT,0,840,0.00,2023
30039,Granite,MT,0,3419,0.00,2023
30041,Hill,MT,3,16260,1.85,2023
30043,Jefferson,MT,,12501,,
30045,Judith Basin,MT,0,2053,0.00,2023
30047,Lake,MT,4,32073,1.25,2023
30049,Lewis and Clark,MT,19,72580,2.62,2023
30051,Liberty,MT,0,1968,0.00,2023
30053,Lincoln,MT,3,20656,1.45,2023
30055,McCone,MT,0,1818,0.00,2023
30057,Madison,MT,,8975,,
30059,Meagher,MT,,1979,,
30061,Mineral,MT,,4796,,
30063,Missoula,MT,28,119639,2.34,2023
30065,Musselshell,MT,,5068,,
30067,Park,MT,3,17484,1.72,2023
30069,Petroleum,MT,0,401,0.00,2023
30071,Phillips,MT,0,4224,0.00,2023
30073,Pondera,MT,0,6012,0.00,2023
30075,Powder River,MT,,1762,,
30077,Powell,MT,,7029,,
30079,Prairie,MT,0,1251,0.00,2023
30081,Ravalli,MT,5,45807,1.09,2023
30083,Richland,MT,,11329,,
30085,Roosevelt,MT,0,10665,0.00,2023
30087,Rosebud,MT,,8236,,
30089,Sanders,MT,,12936,,
30091,Sheridan,MT,0,3677,0.00,2023
30093,Silver Bow,MT,9,35589,2.53,2023
30095,Stillwater,MT,,9052,,
30097,Sweet Grass,MT,,3713,,
30099,Teton,MT,,6291,,
30101,Toole,MT,0,5028,0.00,2023
30103,Treasure,MT,0,761,0.00,2023
30105,Valley,MT,,7540,,
30107,Wheatland,MT,0,2049,0.00,2023
30109,Wibaux,MT,0,1148,0.00,2023
30111,Yellowstone,MT,43,167340,2.57,2023
31001,Adams,NE,8,31034,2.58,2023
31003,Antelope,NE,,6302,,
31005,Arthur,NE,0,540,0.00,2023
31007,Banner,NE,0,657,0.00,2023
31009,Blaine,NE,0,385,0.00,2023
31011,Boone,NE,0,5366,0.00,2023
31013,Box Butte,NE,,10754,,
31015,Boyd,NE,0,1704,0.00,2023
31017,Brown,NE,0,2739,0.00,2023
31019,Buffalo,NE,4,50323,0.79,2023
31021,Burt,NE,3,6730,4.46,2022
31023,Butler,NE,0,8413,0.00,2023
31025,Cass,NE,3,26963,1.11,2019
31027,Cedar,NE,,8344,,
31029,Chase,NE,0,3639,0.00,2023
31031,Cherry,NE,,5468,,
31033,Cheyenne,NE,0,9478,0.00,2023
31035,Clay,NE,0,6084,0.00,2023
31037,Colfax,NE,,10541,,
31039,Cuming,NE,,8976,,
31041,Custer,NE,,10544,,
31043,Dakota,NE,3,21331,1.41,2023
31045,Dawes,NE,,8212,,
31047,Dawson,NE,4,24020,1.67,2023
31049,Deuel,NE,0,1865,0.00,2023
31051,Dixon,NE,0,5561,0.00,2023
31053,Dodge,NE,3,37146,0.81,2023
31055,Douglas,NE,139,585461,2.37,2023
31057,Dundy,NE,0,1811,0.00,2023
31059,Fillmore,NE,0,5551,0.00,2023
31061,Franklin,NE,0,2868,0.00,2023
31063,Frontier,NE,0,2562,0.00,2023
31065,Furnas,NE,0,4605,0.00,2023
31067,Gage,NE,3,21646,1.39,2023
31069,Garden,NE,0,1620,0.00,2023
31071,Garfield,NE,0,1797,0.00,2023
31073,Gosper,NE,0,1929,0.00,2023
31075,Grant,NE,0,695,0.00,2023
31077,Greeley,NE,0,2211,0.00,2023
31079,Hall,NE,7,62431,1.12,2023
31081,Hamilton,NE,,9438,,
31083,Harlan,NE,0,3006,0.00,2023
31085,Hayes,NE,0,854,0.00,2023
31087,Hitchcock,NE,0,2601,0.00,2023
31089,Holt,NE,,10093,,
31091,Hooker,NE,0,613,0.00,2023
31093,Howard,NE,,6492,,
31095,Jefferson,NE,,7155,,
31097,Johnson,NE,0,5263,0.00,2023
31099,Kearney,NE,0,6697,0.00,2023
31101,Keith,NE,,8239,,
31103,Keya Paha,NE,0,939,0.00,2023
31105,Kimball,NE,0,3348,0.00,2023
31107,Knox,NE,,8362,,
31109,Lancaster,NE,56,323673,1.73,2023
31111,Lincoln,NE,6,34122,1.76,2023
31113,Logan,NE,0,812,0.00,2023
31115,Loup,NE,0,564,0.00,2023
31117,McPherson,NE,0,463,0.00,2023
31119,Madison,NE,4,35535,1.13,2023
31121,Merrick,NE,,7696,,
31123,Morrill,NE,,4544,,
31125,Nance,NE,,3342,,
31127,Nemaha,NE,,7035,,
31129,Nuckolls,NE,0,4089,0.00,2023
31131,Otoe,NE,3,16075,1.87,2022
31133,Pawnee,NE,0,2539,0.00,2023
31135,Perkins,NE,0,2835,0.00,2023
31137,Phelps,NE,,8983,,
31139,Pierce,NE,0,7312,0.00,2023
31141,Platte,NE,3,34358,0.87,2023
31143,Polk,NE,0,5209,0.00,2023
31145,Red Willow,NE,,10611,,
31147,Richardson,NE,0,7797,0.00,2023
31149,Rock,NE,0,1335,0.00,2023
31151,Saline,NE,,14642,,
31153,Sarpy,NE,26,194051,1.34,2023
31155,Saunders,NE,0,22761,0.00,2023
31157,Scotts Bluff,NE,7,35937,1.95,2023
31159,Seward,NE,,17636,,
31161,Sheridan,NE,0,5058,0.00,2023
31163,Sherman,NE,0,2974,0.00,2023
31165,Sioux,NE,0,1197,0.00,2023
31167,Stanton,NE,0,5835,0.00,2023
31169,Thayer,NE,0,4938,0.00,2023
31171,Thomas,NE,0,626,0.00,2023
31173,Thurston,NE,0,6666,0.00,2023
31175,Valley,NE,0,4094,0.00,2023
31177,Washington,NE,4,20989,1.91,2019
31179,Wayne,NE,0,9786,0.00,2023
31181,Webster,NE,0,3385,0.00,2023
31183,Wheeler,NE,0,785,0.00,2023
31185,York,NE,,14231,,
32001,Churchill,NV,5,25614,1.95,2023
32003,Clark,NV,218,2293764,0.95,2023
32005,Douglas,NV,10,49624,2.02,2023
32007,Elko,NV,5,53852,0.93,2023
32009,Esmeralda,NV,0,962,0.00,2023
32011,Eureka,NV,0,1660,0.00,2023
32013,Humboldt,NV,3,17299,1.73,2023
32015,Lander,NV,0,5745,0.00,2023
32017,Lincoln,NV,0,4452,0.00,2023
32019,Lyon,NV,5,60630,0.82,2023
32021,Mineral,NV,0,4557,0.00,2023
32023,Nye,NV,3,53207,0.56,2023
32027,Pershing,NV,0,6505,0.00,2023
32029,Storey,NV,0,4139,0.00,2023
32031,Washoe,NV,86,491770,1.75,2023
32033,White Pine,NV,0,8856,0.00,2023
32510,Carson City,NV,7,58364,1.20,2023
33001,Belknap,NH,12,64300,1.87,2023
33003,Carroll,NH,13,51259,2.54,2023
33005,Cheshire,NH,7,76945,0.91,2023
33007,Coos,NH,4,31386,1.27,2023
33009,Grafton,NH,23,91759,2.51,2023
33011,Hillsborough,NH,90,424732,2.12,2023
33013,Merrimack,NH,26,155018,1.68,2023
33015,Rockingham,NH,98,317163,3.09,2023
33017,Strafford,NH,17,131743,1.29,2023
33019,Sullivan,NH,,43529,,
34001,Atlantic,NJ,35,274704,1.27,2023
34003,Bergen,NJ,195,954717,2.04,2023
34005,Burlington,NJ,78,464226,1.68,2023
34007,Camden,NJ,81,524042,1.55,2023
34009,Cape May,NJ,20,95236,2.10,2023
34011,Cumberland,NJ,19,152915,1.24,2023
34013,Essex,NJ,107,854130,1.25,2023
34015,Gloucester,NJ,45,304504,1.48,2023
34017,Hudson,NJ,97,710478,1.37,2023
34019,Hunterdon,NJ,28,129448,2.16,2023
34021,Mercer,NJ,66,383286,1.72,2023
34023,Middlesex,NJ,100,861535,1.16,2023
34025,Monmouth,NJ,160,643615,2.49,2023
34027,Morris,NJ,126,510375,2.47,2023
34029,Ocean,NJ,67,646434,1.04,2023
34031,Passaic,NJ,49,518289,0.95,2023
34033,Salem,NJ,5,64973,0.77,2023
34035,Somerset,NJ,78,346203,2.25,2023
34037,Sussex,NJ,17,145117,1.17,2023
34039,Union,NJ,110,572549,1.92,2023
34041,Warren,NJ,12,110238,1.09,2023
35001,Bernalillo,NM,89,674357,1.32,2023
35003,Catron,NM,0,3685,0.00,2023
35005,Chaves,NM,6,64446,0.93,2023
35006,Cibola,NM,3,27059,1.11,2023
35007,Colfax,NM,,12336,,
35009,Curry,NM,6,47932,1.25,2023
35011,De Baca,NM,0,1580,0.00,2023
35013,Doña Ana,NM,12,221665,0.54,2023
35015,Eddy,NM,6,61114,0.98,2023
35017,Grant,NM,,27856,,
35019,Guadalupe,NM,0,4379,0.00,2023
35021,Harding,NM,0,748,0.00,2023
35023,Hidalgo,NM,0,4097,0.00,2023
35025,Lea,NM,4,73154,0.55,2023
35027,Lincoln,NM,3,20227,1.48,2023
35028,Los Alamos,NM,6,19374,3.10,2023
35029,Luna,NM,3,25420,1.18,2023
35031,McKinley,NM,,71172,,
35033,Mora,NM,0,4176,0.00,2023
35035,Otero,NM,4,68235,0.59,2023
35037,Quay,NM,,8616,,
35039,Rio Arriba,NM,4,40165,1.00,2023
35041,Roosevelt,NM,,19002,,
35043,Sandoval,NM,10,151538,0.66,2023
35045,San Juan,NM,8,121178,0.66,2023
35047,San Miguel,NM,0,27036,0.00,2023
35049,Santa Fe,NM,21,155175,1.35,2023
35051,Sierra,NM,,11511,,
35053,Socorro,NM,0,16308,0.00,2023
35055,Taos,NM,5,34516,1.45,2023
35057,Torrance,NM,0,15290,0.00,2023
35059,Union,NM,0,4039,0.00,2023
35061,Valencia,NM,7,77382,0.90,2023
36001,Albany,NY,58,315374,1.84,2023
36003,Allegany,NY,3,47027,0.64,2023
36005,Bronx,NY,59,1419250,0.42,2023
36007,Broome,NY,23,197738,1.16,2023
36009,Cattaraugus,NY,4,76479,0.52,2023
36011,Cayuga,NY,5,75464,0.66,2023
36013,Chautauqua,NY,6,126329,0.47,2023
36015,Chemung,NY,13,82805,1.57,2023
36017,Chenango,NY,3,46685,0.64,2023
36019,Clinton,NY,4,78961,0.51,2023
36021,Columbia,NY,10,61245,1.63,2023
36023,Cortland,NY,5,46401,1.08,2023
36025,Delaware,NY,4,44551,0.90,2021
36027,Dutchess,NY,33,297144,1.11,2023
36029,Erie,NY,146,950044,1.54,2023
36031,Essex,NY,3,37077,0.81,2023
36033,Franklin,NY,4,47066,0.85,2023
36035,Fulton,NY,3,52787,0.57,2023
36037,Genesee,NY,5,57943,0.86,2023
36039,Greene,NY,5,47554,1.05,2023
36041,Hamilton,NY,,5102,,
36043,Herkimer,NY,6,59932,1.00,2023
36045,Jefferson,NY,6,116130,0.52,2023
36047,Kings,NY,214,2646306,0.81,2023
36049,Lewis,NY,,26618,,
36051,Livingston,NY,7,61588,1.14,2023
36053,Madison,NY,5,67572,0.74,2023
36055,Monroe,NY,100,754068,1.33,2023
36057,Montgomery,NY,,49461,,
36059,Nassau,NY,262,1388138,1.89,2023
36061,New York,NY,427,1627788,2.62,2023
36063,Niagara,NY,23,211341,1.09,2023
36065,Oneida,NY,20,229645,0.87,2023
36067,Onondaga,NY,63,471611,1.34,2023
36069,Ontario,NY,14,112405,1.25,2023
36071,Orange,NY,40,403840,0.99,2023
36073,Orleans,NY,,39686,,
36075,Oswego,NY,6,117945,0.51,2023
36077,Otsego,NY,8,59738,1.34,2023
36079,Putnam,NY,17,97988,1.73,2023
36081,Queens,NY,148,2330124,0.64,2023
36083,Rensselaer,NY,4,160341,0.25,2023
36085,Richmond,NY,44,492734,0.89,2023
36087,Rockland,NY,41,338936,1.21,2023
36089,St. Lawrence,NY,3,107796,0.28,2023
36091,Saratoga,NY,38,237075,1.60,2023
36093,Schenectady,NY,24,159603,1.50,2023
36095,Schoharie,NY,,29979,,
36097,Schuyler,NY,,17749,,
36099,Seneca,NY,,33125,,
36101,Steuben,NY,7,93034,0.75,2023
36103,Suffolk,NY,283,1525680,1.85,2023
36105,Sullivan,NY,4,79147,0.51,2023
36107,Tioga,NY,3,48106,0.62,2023
36109,Tompkins,NY,15,102879,1.46,2023
36111,Ulster,NY,27,182109,1.48,2023
36113,Warren,NY,11,65560,1.68,2023
36115,Washington,NY,4,60883,0.66,2023
36117,Wayne,NY,4,91128,0.44,2023
36119,Westchester,NY,218,996888,2.19,2023
36121,Wyoming,NY,4,39980,1.00,2023
36123,Yates,NY,,24637,,
37001,Alamance,NC,18,174286,1.03,2023
37003,Alexander,NC,,36440,,
37005,Alleghany,NC,,11075,,
37007,Anson,NC,,21903,,
37009,Ashe,NC,,26831,,
37011,Avery,NC,,17643,,
37013,Beaufort,NC,5,44597,1.12,2023
37015,Bertie,NC,0,17482,0.00,2023
37017,Bladen,NC,,29591,,
37019,Brunswick,NC,12,145889,0.82,2023
37021,Buncombe,NC,49,271790,1.80,2023
37023,Burke,NC,5,87863,0.57,2023
37025,Cabarrus,NC,38,231262,1.64,2023
37027,Caldwell,NC,7,80618,0.87,2023
37029,Camden,NC,0,10743,0.00,2023
37031,Carteret,NC,7,68652,1.02,2023
37033,Caswell,NC,0,22689,0.00,2023
37035,Catawba,NC,17,162051,1.05,2023
37037,Chatham,NC,5,78319,0.64,2023
37039,Cherokee,NC,,29197,,
37041,Chowan,NC,0,13814,0.00,2023
37043,Clay,NC,,11391,,
37045,Cleveland,NC,8,100170,0.80,2023
37047,Columbus,NC,4,50453,0.79,2023
37049,Craven,NC,9,101074,0.89,2023
37051,Cumberland,NC,34,336749,1.01,2023
37053,Currituck,NC,0,29612,0.00,2023
37055,Dare,NC,5,37534,1.33,2023
37057,Davidson,NC,19,171063,1.11,2023
37059,Davie,NC,5,43526,1.15,2023
37061,Duplin,NC,3,49053,0.61,2023
37063,Durham,NC,50,329405,1.52,2023
37065,Edgecombe,NC,3,48777,0.62,2021
37067,Forsyth,NC,63,386740,1.63,2023
37069,Franklin,NC,6,71962,0.83,2023
37071,Gaston,NC,22,231485,0.95,2023
37073,Gates,NC,0,10437,0.00,2023
37075,Graham,NC,0,8041,0.00,2023
37077,Granville,NC,4,61439,0.65,2023
37079,Greene,NC,0,20421,0.00,2023
37081,Guilford,NC,73,542987,1.34,2023
37083,Halifax,NC,,48219,,
37085,Harnett,NC,6,136503,0.44,2023
37087,Haywood,NC,,62432,,
37089,Henderson,NC,6,117387,0.51,2023
37091,Hertford,NC,0,20492,0.00,2023
37093,Hoke,NC,4,53102,0.75,2021
37095,Hyde,NC,0,4625,0.00,2023
37097,Iredell,NC,41,191800,2.14,2023
37099,Jackson,NC,4,43089,0.93,2023
37101,Johnston,NC,23,226623,1.01,2023
37103,Jones,NC,0,9245,0.00,2023
37105,Lee,NC,8,64565,1.24,2023
37107,Lenoir,NC,5,54917,0.91,2023
37109,Lincoln,NC,14,90359,1.55,2023
37111,McDowell,NC,5,44679,1.12,2023
37113,Macon,NC,4,37533,1.07,2023
37115,Madison,NC,,21640,,
37117,Martin,NC,0,21773,0.00,2023
37119,Mecklenburg,NC,250,1130906,2.21,2023
37121,Mitchell,NC,,14973,,
37123,Montgomery,NC,0,25874,0.00,2023
37125,Moore,NC,12,102840,1.17,2023
37127,Nash,NC,11,95451,1.15,2023
37129,New Hanover,NC,43,231214,1.86,2023
37131,Northampton,NC,,17212,,
37133,Onslow,NC,18,208537,0.86,2023
37135,Orange,NC,25,147292,1.70,2023
37137,Pamlico,NC,,12315,,
37139,Pasquotank,NC,4,40830,0.98,2023
37141,Pender,NC,8,63475,1.26,2023
37143,Perquimans,NC,0,13146,0.00,2023
37145,Person,NC,8,39275,2.04,2023
37147,Pitt,NC,27,172279,1.57,2023
37149,Polk,NC,3,19689,1.52,2023
37151,Randolph,NC,14,145322,0.96,2023
37153,Richmond,NC,3,42818,0.70,2023
37155,Robeson,NC,9,116858,0.77,2023
37157,Rockingham,NC,8,91585,0.87,2023
37159,Rowan,NC,15,148487,1.01,2023
37161,Rutherford,NC,3,64850,0.46,2023
37163,Sampson,NC,,59245,,
37165,Scotland,NC,,34353,,
37167,Stanly,NC,11,63557,1.73,2023
37169,Stokes,NC,3,44889,0.67,2023
37171,Surry,NC,4,71407,0.56,2023
37173,Swain,NC,,14065,,
37175,Transylvania,NC,6,33243,1.80,2023
37177,Tyrrell,NC,0,3376,0.00,2023
37179,Union,NC,36,244975,1.47,2023
37181,Vance,NC,3,42361,0.71,2023
37183,Wake,NC,251,1151009,2.18,2023
37185,Warren,NC,,18751,,
37187,Washington,NC,0,10905,0.00,2023
37189,Watauga,NC,5,54607,0.92,2023
37191,Wayne,NC,12,117606,1.02,2023
37193,Wilkes,NC,4,65983,0.61,2023
37195,Wilson,NC,7,78648,0.89,2023
37197,Yadkin,NC,3,37419,0.80,2020
37199,Yancey,NC,,18676,,
38001,Adams,ND,0,2179,0.00,2023
38003,Barnes,ND,,10794,,
38005,Benson,ND,0,5861,0.00,2023
38007,Billings,ND,0,948,0.00,2023
38009,Bottineau,ND,,6390,,
38011,Bowman,ND,,2935,,
38013,Burke,ND,0,2163,0.00,2023
38015,Burleigh,ND,15,98986,1.52,2023
38017,Cass,ND,35,189286,1.85,2023
38019,Cavalier,ND,,3663,,
38021,Dickey,ND,,4959,,
38023,Divide,ND,,2174,,
38025,Dunn,ND,0,4043,0.00,2023
38027,Eddy,ND,0,2319,0.00,2023
38029,Emmons,ND,0,3269,0.00,2023
38031,Foster,ND,,3372,,
38033,Golden Valley,ND,0,1679,0.00,2023
38035,Grand Forks,ND,9,72764,1.24,2023
38037,Grant,ND,0,2276,0.00,2023
38039,Griggs,ND,0,2340,0.00,2023
38041,Hettinger,ND,0,2453,0.00,2023
38043,Kidder,ND,,2374,,
38045,LaMoure,ND,0,4107,0.00,2023
38047,Logan,ND,0,1848,0.00,2023
38049,McHenry,ND,,5264,,
38051,McIntosh,ND,,2512,,
38053,McKenzie,ND,0,14280,0.00,2023
38055,McLean,ND,0,9807,0.00,2023
38057,Mercer,ND,5,8341,5.99,2023
38059,Morton,ND,5,33479,1.49,2023
38061,Mountrail,ND,,9567,,
38063,Nelson,ND,0,3015,0.00,2023
38065,Oliver,ND,0,1821,0.00,2023
38067,Pembina,ND,,6787,,
38069,Pierce,ND,0,3961,0.00,2023
38071,Ramsey,ND,3,11563,2.59,2019
38073,Ransom,ND,,5662,,
38075,Renville,ND,0,2277,0.00,2023
38077,Richland,ND,3,16550,1.81,2022
38079,Rolette,ND,,12065,,
38081,Sargent,ND,,3822,,
38083,Sheridan,ND,0,1327,0.00,2023
38085,Sioux,ND,0,3789,0.00,2023
38087,Slope,ND,0,795,0.00,2023
38089,Stark,ND,5,33116,1.51,2023
38091,Steele,ND,0,1731,0.00,2023
38093,Stutsman,ND,3,21525,1.39,2023
38095,Towner,ND,0,2113,0.00,2023
38097,Traill,ND,0,7980,0.00,2023
38099,Walsh,ND,,10488,,
38101,Ward,ND,9,69232,1.30,2023
38103,Wells,ND,0,3942,0.00,2023
38105,Williams,ND,7,39368,1.78,2023
39001,Adams,OH,,27510,,
39003,Allen,OH,10,101685,0.98,2023
39005,Ashland,OH,4,52296,0.76,2023
39007,Ashtabula,OH,8,97343,0.82,2023
39009,Athens,OH,,61573,,
39011,Auglaize,OH,8,46209,1.73,2023
39013,Belmont,OH,6,65982,0.91,2023
39015,Brown,OH,,43710,,
39017,Butler,OH,42,389910,1.08,2023
39019,Carroll,OH,,26731,,
39021,Champaign,OH,4,38772,1.03,2023
39023,Clark,OH,6,135445,0.44,2023
39025,Clermont,OH,17,209862,0.81,2023
39027,Clinton,OH,,42014,,
39029,Columbiana,OH,7,101203,0.69,2023
39031,Coshocton,OH,4,36679,1.09,2023
39033,Crawford,OH,5,41767,1.20,2023
39035,Cuyahoga,OH,161,1249418,1.29,2023
39037,Darke,OH,4,51655,0.77,2023
39039,Defiance,OH,3,38258,0.78,2023
39041,Delaware,OH,43,221160,1.94,2023
39043,Erie,OH,8,74938,1.07,2023
39045,Fairfield,OH,16,161289,0.99,2023
39047,Fayette,OH,4,28880,1.39,2023
39049,Franklin,OH,195,1321635,1.48,2023
39051,Fulton,OH,4,42434,0.94,2023
39053,Gallia,OH,3,29162,1.03,2023
39055,Geauga,OH,18,95479,1.89,2023
39057,Greene,OH,15,168531,0.89,2023
39059,Guernsey,OH,5,38283,1.31,2023
39061,Hamilton,OH,142,827878,1.72,2023
39063,Hancock,OH,7,74885,0.93,2023
39065,Hardin,OH,3,30527,0.98,2023
39067,Harrison,OH,,14408,,
39069,Henry,OH,,27581,,
39071,Highland,OH,4,43403,0.92,2023
39073,Hocking,OH,3,27938,1.07,2020
39075,Holmes,OH,,44312,,
39077,Huron,OH,,58412,,
39079,Jackson,OH,4,32588,1.23,2023
39081,Jefferson,OH,3,64855,0.46,2022
39083,Knox,OH,,62888,,
39085,Lake,OH,24,232101,1.03,2023
39087,Lawrence,OH,,57385,,
39089,Licking,OH,12,180311,0.67,2023
39091,Logan,OH,8,46140,1.73,2023
39093,Lorain,OH,28,314588,0.89,2023
39095,Lucas,OH,50,428748,1.17,2023
39097,Madison,OH,5,44126,1.13,2023
39099,Mahoning,OH,21,227063,0.92,2023
39101,Marion,OH,4,65145,0.61,2023
39103,Medina,OH,32,183049,1.75,2023
39105,Meigs,OH,0,22072,0.00,2023
39107,Mercer,OH,4,42438,0.94,2023
39109,Miami,OH,16,109549,1.46,2023
39111,Monroe,OH,,13308,,
39113,Montgomery,OH,56,535528,1.05,2023
39115,Morgan,OH,0,13758,0.00,2023
39117,Morrow,OH,,35214,,
39119,Muskingum,OH,7,86382,0.81,2023
39121,Noble,OH,,14252,,
39123,Ottawa,OH,3,40161,0.75,2023
39125,Paulding,OH,0,18800,0.00,2023
39127,Perry,OH,,35474,,
39129,Pickaway,OH,3,59407,0.50,2020
39131,Pike,OH,3,27080,1.11,2023
39133,Portage,OH,9,161421,0.56,2023
39135,Preble,OH,,40802,,
39137,Putnam,OH,4,34352,1.16,2023
39139,Richland,OH,12,125138,0.96,2023
39141,Ross,OH,4,76748,0.52,2023
39143,Sandusky,OH,4,58770,0.68,2023
39145,Scioto,OH,4,73118,0.55,2023
39147,Seneca,OH,4,54861,0.73,2023
39149,Shelby,OH,8,48007,1.67,2023
39151,Stark,OH,41,373764,1.10,2023
39153,Summit,OH,75,538087,1.39,2023
39155,Trumbull,OH,10,201367,0.50,2023
39157,Tuscarawas,OH,3,92585,0.32,2020
39159,Union,OH,7,65293,1.07,2023
39161,Van Wert,OH,4,28824,1.39,2023
39163,Vinton,OH,0,12686,0.00,2023
39165,Warren,OH,20,246364,0.81,2023
39167,Washington,OH,5,59318,0.84,2023
39169,Wayne,OH,9,116618,0.77,2023
39171,Williams,OH,3,36862,0.81,2020
39173,Wood,OH,17,131795,1.29,2023
39175,Wyandot,OH,,21699,,
40001,Adair,OK,0,19595,0.00,2023
40003,Alfalfa,OK,0,5685,0.00,2023
40005,Atoka,OK,0,14255,0.00,2023
40007,Beaver,OK,0,5041,0.00,2023
40009,Beckham,OK,,22202,,
40011,Blaine,OK,0,8603,0.00,2023
40013,Bryan,OK,5,47237,1.06,2023
40015,Caddo,OK,,26626,,
40017,Canadian,OK,17,162621,1.05,2023
40019,Carter,OK,4,48255,0.83,2023
40021,Cherokee,OK,3,47621,0.63,2020
40023,Choctaw,OK,0,14299,0.00,2023
40025,Cimarron,OK,0,2247,0.00,2023
40027,Cleveland,OK,43,297545,1.45,2023
40029,Coal,OK,0,5275,0.00,2023
40031,Comanche,OK,10,121699,0.82,2023
40033,Cotton,OK,0,5475,0.00,2023
40035,Craig,OK,0,14215,0.00,2023
40037,Creek,OK,5,72353,0.69,2023
40039,Custer,OK,8,28332,2.82,2023
40041,Delaware,OK,3,41017,0.73,2023
40043,Dewey,OK,0,4433,0.00,2023
40045,Ellis,OK,0,3717,0.00,2023
40047,Garfield,OK,7,62322,1.12,2023
40049,Garvin,OK,0,25779,0.00,2023
40051,Grady,OK,4,55868,0.72,2023
40053,Grant,OK,0,4137,0.00,2023
40055,Greer,OK,0,5498,0.00,2023
40057,Harmon,OK,0,2452,0.00,2023
40059,Harper,OK,0,3231,0.00,2023
40061,Haskell,OK,0,11667,0.00,2023
40063,Hughes,OK,0,13411,0.00,2023
40065,Jackson,OK,3,24730,1.21,2023
40067,Jefferson,OK,0,5377,0.00,2023
40069,Johnston,OK,0,10334,0.00,2023
40071,Kay,OK,,43731,,
40073,Kingfisher,OK,0,15288,0.00,2023
40075,Kiowa,OK,0,8458,0.00,2023
40077,Latimer,OK,0,9495,0.00,2023
40079,Le Flore,OK,,48728,,
40081,Lincoln,OK,,33917,,
40083,Logan,OK,3,50905,0.59,2023
40085,Love,OK,0,10196,0.00,2023
40087,McClain,OK,4,43779,0.91,2021
40089,McCurtain,OK,,30825,,
40091,McIntosh,OK,,19237,,
40093,Major,OK,0,7656,0.00,2023
40095,Marshall,OK,,15628,,
40097,Mayes,OK,3,39406,0.76,2023
40099,Murray,OK,,13807,,
40101,Muskogee,OK,8,66471,1.20,2023
40103,Noble,OK,0,10909,0.00,2023
40105,Nowata,OK,0,9392,0.00,2023
40107,Okfuskee,OK,0,11304,0.00,2023
40109,Oklahoma,OK,112,800487,1.40,2023
40111,Okmulgee,OK,3,36922,0.81,2023
40113,Osage,OK,3,45963,0.65,2019
40115,Ottawa,OK,,30360,,
40117,Pawnee,OK,0,15689,0.00,2023
40119,Payne,OK,7,82290,0.85,2023
40121,Pittsburg,OK,,43629,,
40123,Pontotoc,OK,4,38158,1.05,2023
40125,Pottawatomie,OK,9,73011,1.23,2023
40127,Pushmataha,OK,0,10787,0.00,2023
40129,Roger Mills,OK,0,3378,0.00,2023
40131,Rogers,OK,5,97235,0.51,2023
40133,Seminole,OK,0,23550,0.00,2023
40135,Sequoyah,OK,3,39676,0.76,2020
40137,Stephens,OK,5,43314,1.15,2023
40139,Texas,OK,0,20880,0.00,2023
40141,Tillman,OK,0,6967,0.00,2023
40143,Tulsa,OK,104,673708,1.54,2023
40145,Wagoner,OK,3,84339,0.36,2022
40147,Washington,OK,7,52895,1.32,2023
40149,Washita,OK,0,10857,0.00,2023
40151,Woods,OK,0,8619,0.00,2023
40153,Woodward,OK,,20260,,
41001,Baker,OR,,16796,,
41003,Benton,OR,17,96359,1.76,2023
41005,Clackamas,OR,60,422308,1.42,2023
41007,Clatsop,OR,4,41343,0.97,2023
41009,Columbia,OR,6,53178,1.13,2023
41011,Coos,OR,5,64832,0.77,2023
41013,Crook,OR,,25651,,
41015,Curry,OR,4,23463,1.70,2023
41017,Deschutes,OR,53,203026,2.61,2023
41019,Douglas,OR,9,111807,0.80,2023
41021,Gilliam,OR,0,2002,0.00,2023
41023,Grant,OR,0,7238,0.00,2023
41025,Harney,OR,,7515,,
41027,Hood River,OR,4,23958,1.67,2023
41029,Jackson,OR,31,222563,1.39,2023
41031,Jefferson,OR,3,24973,1.20,2020
41033,Josephine,OR,5,88069,0.57,2023
41035,Klamath,OR,8,69812,1.15,2023
41037,Lake,OR,0,8254,0.00,2023
41039,Lane,OR,42,382628,1.10,2023
41041,Lincoln,OR,4,50632,0.79,2020
41043,Linn,OR,15,129794,1.16,2023
41045,Malheur,OR,0,31701,0.00,2023
41047,Marion,OR,35,346532,1.01,2023
41049,Morrow,OR,0,12249,0.00,2023
41051,Multnomah,OR,114,803863,1.42,2023
41053,Polk,OR,12,88553,1.36,2023
41055,Sherman,OR,0,1908,0.00,2023
41057,Tillamook,OR,,27471,,
41059,Umatilla,OR,7,80087,0.87,2023
41061,Union,OR,4,26192,1.53,2023
41063,Wallowa,OR,,7532,,
41065,Wasco,OR,3,26603,1.13,2023
41067,Washington,OR,102,600266,1.70,2023
41069,Wheeler,OR,0,1434,0.00,2023
41071,Yamhill,OR,6,108122,0.55,2023
42001,Adams,PA,6,105183,0.57,2023
42003,Allegheny,PA,216,1240476,1.74,2023
42005,Armstrong,PA,3,65069,0.46,2023
42007,Beaver,PA,12,166993,0.72,2023
42009,Bedford,PA,3,47503,0.63,2023
42011,Berks,PA,49,429989,1.14,2023
42013,Blair,PA,13,121854,1.07,2023
42015,Bradford,PA,4,59971,0.67,2023
42017,Bucks,PA,106,645993,1.64,2023
42019,Butler,PA,30,195870,1.53,2023
42021,Cambria,PA,13,132355,0.98,2023
42023,Cameron,PA,0,4475,0.00,2023
42025,Carbon,PA,7,65191,1.07,2023
42027,Centre,PA,26,158041,1.65,2023
42029,Chester,PA,103,540896,1.90,2023
42031,Clarion,PA,3,37297,0.80,2023
42033,Clearfield,PA,5,78902,0.63,2023
42035,Clinton,PA,4,37707,1.06,2019
42037,Columbia,PA,7,65055,1.08,2023
42039,Crawford,PA,7,83189,0.84,2023
42041,Cumberland,PA,42,264422,1.59,2023
42043,Dauphin,PA,25,287484,0.87,2023
42045,Delaware,PA,98,576195,1.70,2023
42047,Elk,PA,4,30703,1.30,2023
42049,Erie,PA,32,269544,1.19,2023
42051,Fayette,PA,8,126967,0.63,2023
42053,Forest,PA,0,6785,0.00,2023
42055,Franklin,PA,15,156626,0.96,2023
42057,Fulton,PA,0,14545,0.00,2023
42059,Greene,PA,,35265,,
42061,Huntingdon,PA,3,43844,0.68,2023
42063,Indiana,PA,6,83213,0.72,2023
42065,Jefferson,PA,,44099,,
42067,Juniata,PA,4,23419,1.71,2019
42069,Lackawanna,PA,24,215834,1.11,2023
42071,Lancaster,PA,58,555151,1.04,2023
42073,Lawrence,PA,8,85423,0.94,2023
42075,Lebanon,PA,18,143592,1.25,2023
42077,Lehigh,PA,45,375408,1.20,2023
42079,Luzerne,PA,33,325978,1.01,2023
42081,Lycoming,PA,5,113570,0.44,2023
42083,McKean,PA,3,40149,0.75,2023
42085,Mercer,PA,6,109852,0.55,2023
42087,Mifflin,PA,4,46074,0.87,2023
42089,Monroe,PA,14,167784,0.83,2023
42091,Montgomery,PA,205,861225,2.38,2023
42093,Montour,PA,5,18079,2.77,2023
42095,Northampton,PA,33,315927,1.04,2023
42097,Northumberland,PA,4,90925,0.44,2023
42099,Perry,PA,6,45988,1.30,2023
42101,Philadelphia,PA,166,1582432,1.05,2023
42103,Pike,PA,3,59691,0.50,2023
42105,Potter,PA,,16276,,
42107,Schuylkill,PA,7,143259,0.49,2023
42109,Snyder,PA,5,39711,1.26,2023
42111,Somerset,PA,,73255,,
42113,Sullivan,PA,0,5849,0.00,2023
42115,Susquehanna,PA,,38349,,
42117,Tioga,PA,,41078,,
42119,Union,PA,4,42570,0.94,2022
42121,Venango,PA,3,50096,0.60,2023
42123,Warren,PA,,38174,,
42125,Washington,PA,26,209778,1.24,2023
42127,Wayne,PA,7,51189,1.37,2023
42129,Westmoreland,PA,43,353345,1.22,2023
42131,Wyoming,PA,,26075,,
42133,York,PA,44,459312,0.96,2023
44001,Bristol,RI,13,50568,2.57,2023
44003,Kent,RI,36,170658,2.11,2023
44005,Newport,RI,14,85095,1.65,2023
44007,Providence,RI,90,658977,1.37,2023
44009,Washington,RI,25,130073,1.92,2023
45001,Abbeville,SC,,24352,,
45003,Aiken,SC,16,171949,0.93,2023
45005,Allendale,SC,0,7738,0.00,2023
45007,Anderson,SC,15,207218,0.72,2023
45009,Bamberg,SC,0,13164,0.00,2023
45011,Barnwell,SC,,20565,,
45013,Beaufort,SC,36,192123,1.87,2023
45015,Berkeley,SC,16,238723,0.67,2023
45017,Calhoun,SC,0,14150,0.00,2023
45019,Charleston,SC,93,414711,2.24,2023
45021,Cherokee,SC,5,56299,0.89,2023
45023,Chester,SC,,32177,,
45025,Chesterfield,SC,3,43575,0.69,2023
45027,Clarendon,SC,,31037,,
45029,Colleton,SC,,38623,,
45031,Darlington,SC,8,62754,1.27,2023
45033,Dillon,SC,0,28031,0.00,2023
45035,Dorchester,SC,12,164322,0.73,2023
45037,Edgefield,SC,0,26508,0.00,2023
45039,Fairfield,SC,0,20741,0.00,2023
45041,Florence,SC,10,136921,0.73,2023
45043,Georgetown,SC,4,64200,0.62,2023
45045,Greenville,SC,86,537575,1.60,2023
45047,Greenwood,SC,7,69329,1.01,2023
45049,Hampton,SC,0,18555,0.00,2023
45051,Horry,SC,36,368937,0.98,2023
45053,Jasper,SC,,30658,,
45055,Kershaw,SC,4,66924,0.60,2023
45057,Lancaster,SC,8,100905,0.79,2023
45059,Laurens,SC,3,67904,0.44,2023
45061,Lee,SC,0,16330,0.00,2023
45063,Lexington,SC,41,300370,1.36,2023
45065,McCormick,SC,0,9701,0.00,2023
45067,Marion,SC,,28900,,
45069,Marlboro,SC,0,26285,0.00,2023
45071,Newberry,SC,,38121,,
45073,Oconee,SC,7,79566,0.88,2023
45075,Orangeburg,SC,4,83531,0.48,2023
45077,Pickens,SC,16,132604,1.21,2023
45079,Richland,SC,50,418725,1.19,2023
45081,Saluda,SC,,18958,,
45083,Spartanburg,SC,36,338096,1.06,2023
45085,Sumter,SC,7,104853,0.67,2023
45087,Union,SC,0,26990,0.00,2023
45089,Williamsburg,SC,0,30517,0.00,2023
45091,York,SC,42,288559,1.46,2023
46003,Aurora,SD,0,2573,0.00,2023
46005,Beadle,SD,,19279,,
46007,Bennett,SD,0,3354,0.00,2023
46009,Bon Homme,SD,,7024,,
46011,Brookings,SD,5,34968,1.43,2023
46013,Brown,SD,6,38079,1.58,2023
46015,Brule,SD,,5261,,
46017,Buffalo,SD,0,1757,0.00,2023
46019,Butte,SD,,10538,,
46021,Campbell,SD,0,1481,0.00,2023
46023,Charles Mix,SD,,9281,,
46025,Clark,SD,,3876,,
46027,Clay,SD,0,15133,0.00,2023
46029,Codington,SD,5,28556,1.75,2023
46031,Corson,SD,0,3859,0.00,2023
46033,Custer,SD,,8686,,
46035,Davison,SD,3,19936,1.50,2023
46037,Day,SD,0,5460,0.00,2023
46039,Deuel,SD,,4318,,
46041,Dewey,SD,0,5230,0.00,2023
46043,Douglas,SD,0,2823,0.00,2023
46045,Edmunds,SD,0,4033,0.00,2023
46047,Fall River,SD,0,7179,0.00,2023
46049,Faulk,SD,0,2137,0.00,2023
46051,Grant,SD,,7544,,
46053,Gregory,SD,,3993,,
46055,Haakon,SD,0,1708,0.00,2023
46057,Hamlin,SD,0,6288,0.00,2023
46059,Hand,SD,0,3045,0.00,2023
46061,Hanson,SD,0,3473,0.00,2023
46063,Harding,SD,0,1092,0.00,2023
46065,Hughes,SD,4,17732,2.26,2023
46067,Hutchinson,SD,0,7393,0.00,2023
46069,Hyde,SD,0,1305,0.00,2023
46071,Jackson,SD,0,2826,0.00,2023
46073,Jerauld,SD,0,1845,0.00,2023
46075,Jones,SD,0,1030,0.00,2023
46077,Kingsbury,SD,,5210,,
46079,Lake,SD,,11052,,
46081,Lawrence,SD,4,26574,1.51,2023
46083,Lincoln,SD,16,68286,2.34,2023
46085,Lyman,SD,0,3717,0.00,2023
46087,McCook,SD,0,5732,0.00,2023
46089,McPherson,SD,0,2278,0.00,2023
46091,Marshall,SD,0,4355,0.00,2023
46093,Meade,SD,,30297,,
46095,Mellette,SD,0,2043,0.00,2023
46097,Miner,SD,0,2299,0.00,2023
46099,Minnehaha,SD,40,200689,1.99,2023
46101,Moody,SD,0,6371,0.00,2023
46102,Oglala Lakota,SD,0,13587,0.00,2023
46103,Pennington,SD,13,112081,1.16,2023
46105,Perkins,SD,0,3058,0.00,2023
46107,Potter,SD,0,2430,0.00,2023
46109,Roberts,SD,,10219,,
46111,Sanborn,SD,0,2370,0.00,2023
46115,Spink,SD,,6283,,
46117,Stanley,SD,,3012,,
46119,Sully,SD,0,1481,0.00,2023
46121,Todd,SD,0,9293,0.00,2023
46123,Tripp,SD,0,5607,0.00,2023
46125,Turner,SD,0,8772,0.00,2023
46127,Union,SD,3,16916,1.77,2021
46129,Walworth,SD,,5298,,
46135,Yankton,SD,3,23379,1.28,2023
46137,Ziebach,SD,0,2410,0.00,2023
47001,Anderson,TN,10,78175,1.28,2023
47003,Bedford,TN,,51291,,
47005,Benton,TN,0,15948,0.00,2023
47007,Bledsoe,TN,0,14905,0.00,2023
47009,Blount,TN,5,137747,0.36,2023
47011,Bradley,TN,12,109743,1.09,2023
47013,Campbell,TN,3,39568,0.76,2023
47015,Cannon,TN,0,14661,0.00,2023
47017,Carroll,TN,4,28461,1.41,2023
47019,Carter,TN,,56462,,
47021,Cheatham,TN,3,41500,0.72,2023
47023,Chester,TN,0,17452,0.00,2023
47025,Claiborne,TN,,32221,,
47027,Clay,TN,0,7621,0.00,2023
47029,Cocke,TN,,36503,,
47031,Coffee,TN,6,58940,1.02,2023
47033,Crockett,TN,0,13937,0.00,2023
47035,Cumberland,TN,4,62529,0.64,2023
47037,Davidson,TN,148,709846,2.08,2023
47039,Decatur,TN,,11499,,
47041,DeKalb,TN,,20551,,
47043,Dickson,TN,4,55197,0.72,2020
47045,Dyer,TN,5,36681,1.36,2023
47047,Fayette,TN,3,42653,0.70,2023
47049,Fentress,TN,0,18948,0.00,2023
47051,Franklin,TN,4,43478,0.92,2023
47053,Gibson,TN,7,50610,1.38,2023
47055,Giles,TN,3,30442,0.99,2020
47057,Grainger,TN,0,23929,0.00,2023
47059,Greene,TN,3,70919,0.42,2023
47061,Grundy,TN,0,13665,0.00,2023
47063,Hamblen,TN,3,64930,0.46,2021
47065,Hamilton,TN,62,370913,1.67,2023
47067,Hancock,TN,0,6790,0.00,2023
47069,Hardeman,TN,0,25477,0.00,2023
47071,Hardin,TN,3,26939,1.11,2019
47073,Hawkins,TN,3,57446,0.52,2023
47075,Haywood,TN,0,17672,0.00,2023
47077,Henderson,TN,3,27906,1.08,2019
47079,Henry,TN,3,32345,0.93,2021
47081,Hickman,TN,0,25229,0.00,2023
47083,Houston,TN,0,8293,0.00,2023
47085,Humphreys,TN,,19074,,
47087,Jackson,TN,0,11882,0.00,2023
47089,Jefferson,TN,,55835,,
47091,Johnson,TN,,18073,,
47093,Knox,TN,76,487401,1.56,2023
47095,Lake,TN,0,6691,0.00,2023
47097,Lauderdale,TN,0,24933,0.00,2023
47099,Lawrence,TN,,44901,,
47101,Lewis,TN,0,12784,0.00,2023
47103,Lincoln,TN,4,35617,1.12,2023
47105,Loudon,TN,5,56996,0.88,2023
47107,McMinn,TN,3,54135,0.55,2023
47109,McNairy,TN,0,25933,0.00,2023
47111,Macon,TN,0,25793,0.00,2023
47113,Madison,TN,17,98845,1.72,2023
47115,Marion,TN,,29010,,
47117,Marshall,TN,0,35276,0.00,2023
47119,Maury,TN,10,104855,0.95,2023
47121,Meigs,TN,0,13076,0.00,2023
47123,Monroe,TN,3,47054,0.64,2019
47125,Montgomery,TN,23,227957,1.01,2023
47127,Moore,TN,0,6611,0.00,2023
47129,Morgan,TN,0,21193,0.00,2023
47131,Obion,TN,,30570,,
47133,Overton,TN,,22807,,
47135,Perry,TN,0,8561,0.00,2023
47137,Pickett,TN,,5062,,
47139,Polk,TN,,17702,,
47141,Putnam,TN,13,81366,1.60,2023
47143,Rhea,TN,4,33299,1.20,2023
47145,Roane,TN,3,54403,0.55,2023
47147,Robertson,TN,5,74291,0.67,2023
47149,Rutherford,TN,37,351591,1.05,2023
47151,Scott,TN,0,21969,0.00,2023
47153,Sequatchie,TN,,16409,,
47155,Sevier,TN,6,98802,0.61,2023
47157,Shelby,TN,107,922195,1.16,2023
47159,Smith,TN,0,20196,0.00,2023
47161,Stewart,TN,0,13859,0.00,2023
47163,Sullivan,TN,15,159693,0.94,2023
47165,Sumner,TN,31,200553,1.55,2023
47167,Tipton,TN,4,61339,0.65,2023
47169,Trousdale,TN,0,11805,0.00,2023
47171,Unicoi,TN,,17779,,
47173,Union,TN,0,20141,0.00,2023
47175,Van Buren,TN,0,6293,0.00,2023
47177,Warren,TN,,41587,,
47179,Washington,TN,15,134693,1.11,2023
47181,Wayne,TN,,16251,,
47183,Weakley,TN,3,32959,0.91,2022
47185,White,TN,,27764,,
47187,Williamson,TN,68,254609,2.67,2023
47189,Wilson,TN,14,153587,0.91,2023
48001,Anderson,TX,3,57825,0.52,2023
48003,Andrews,TX,0,18518,0.00,2023
48005,Angelina,TX,6,86791,0.69,2023
48007,Aransas,TX,,24449,,
48009,Archer,TX,0,8734,0.00,2023
48011,Armstrong,TX,0,1883,0.00,2023
48013,Atascosa,TX,,50058,,
48015,Austin,TX,4,30712,1.30,2023
48017,Bailey,TX,,7044,,
48019,Bandera,TX,,21589,,
48021,Bastrop,TX,11,102370,1.07,2023
48023,Baylor,TX,0,3464,0.00,2023
48025,Bee,TX,,31000,,
48027,Bell,TX,36,379811,0.95,2023
48029,Bexar,TX,231,2037344,1.13,2023
48031,Blanco,TX,,12008,,
48033,Borden,TX,0,723,0.00,2023
48035,Bosque,TX,,18546,,
48037,Bowie,TX,10,92321,1.08,2023
48039,Brazoria,TX,42,381650,1.10,2023
48041,Brazos,TX,35,237980,1.47,2023
48043,Brewster,TX,,9464,,
48045,Briscoe,TX,0,1223,0.00,2023
48047,Brooks,TX,0,6987,0.00,2023
48049,Brown,TX,,38294,,
48051,Burleson,TX,3,18327,1.64,2023
48053,Burnet,TX,4,51064,0.78,2023
48055,Caldwell,TX,3,47184,0.64,2023
48057,Calhoun,TX,,19921,,
48059,Callahan,TX,0,14017,0.00,2023
48061,Cameron,TX,23,423192,0.54,2023
48063,Camp,TX,,12652,,
48065,Carson,TX,0,5802,0.00,2023
48067,Cass,TX,3,28582,1.05,2021
48069,Castro,TX,0,7328,0.00,2023
48071,Chambers,TX,4,49178,0.81,2023
48073,Cherokee,TX,,51143,,
48075,Childress,TX,0,6772,0.00,2023
48077,Clay,TX,0,10402,0.00,2023
48079,Cochran,TX,0,2520,0.00,2023
48081,Coke,TX,0,3315,0.00,2023
48083,Coleman,TX,0,7765,0.00,2023
48085,Collin,TX,234,1116601,2.10,2023
48087,Collingsworth,TX,0,2733,0.00,2023
48089,Colorado,TX,,20736,,
48091,Comal,TX,27,174552,1.55,2023
48093,Comanche,TX,0,13786,0.00,2023
48095,Concho,TX,0,3301,0.00,2023
48097,Cooke,TX,4,42473,0.94,2021
48099,Coryell,TX,4,83772,0.48,2023
48101,Cottle,TX,0,1302,0.00,2023
48103,Crane,TX,0,4623,0.00,2023
48105,Crockett,TX,0,2881,0.00,2023
48107,Crosby,TX,0,5072,0.00,2023
48109,Culberson,TX,0,2181,0.00,2023
48111,Dallam,TX,,7180,,
48113,Dallas,TX,334,2603816,1.28,2023
48115,Dawson,TX,0,12311,0.00,2023
48117,Deaf Smith,TX,,18487,,
48119,Delta,TX,0,5345,0.00,2023
48121,Denton,TX,129,945644,1.36,2023
48123,DeWitt,TX,0,19853,0.00,2023
48125,Dickens,TX,0,1641,0.00,2023
48127,Dimmit,TX,0,8507,0.00,2023
48129,Donley,TX,0,3276,0.00,2023
48131,Duval,TX,0,9824,0.00,2023
48133,Eastland,TX,0,17846,0.00,2023
48135,Ector,TX,15,163206,0.92,2023
48137,Edwards,TX,0,1392,0.00,2023
48139,Ellis,TX,23,203927,1.13,2023
48141,El Paso,TX,108,866275,1.25,2023
48143,Erath,TX,5,43244,1.16,2023
48145,Falls,TX,,17063,,
48147,Fannin,TX,0,36525,0.00,2023
48149,Fayette,TX,4,24783,1.61,2023
48151,Fisher,TX,0,3661,0.00,2023
48153,Floyd,TX,0,5294,0.00,2023
48155,Foard,TX,0,1079,0.00,2023
48157,Fort Bend,TX,105,859721,1.22,2023
48159,Franklin,TX,0,10522,0.00,2023
48161,Freestone,TX,,19813,,
48163,Frio,TX,0,18019,0.00,2023
48165,Gaines,TX,,21904,,
48167,Galveston,TX,34,354721,0.96,2023
48169,Garza,TX,0,5435,0.00,2023
48171,Gillespie,TX,,27202,,
48173,Glasscock,TX,0,1070,0.00,2023
48175,Goliad,TX,0,7096,0.00,2023
48177,Gonzales,TX,0,19764,0.00,2023
48179,Gray,TX,,21131,,
48181,Grayson,TX,9,139988,0.64,2023
48183,Gregg,TX,17,124860,1.36,2023
48185,Grimes,TX,,30385,,
48187,Guadalupe,TX,22,178368,1.23,2023
48189,Hale,TX,3,32247,0.93,2023
48191,Hall,TX,0,2827,0.00,2023
48193,Hamilton,TX,0,8320,0.00,2023
48195,Hansford,TX,0,5182,0.00,2023
48197,Hardeman,TX,0,3529,0.00,2023
48199,Hardin,TX,4,57126,0.70,2021
48201,Harris,TX,523,4758579,1.10,2023
48203,Harrison,TX,7,69584,1.01,2023
48205,Hartley,TX,0,5307,0.00,2023
48207,Haskell,TX,0,5390,0.00,2023
48209,Hays,TX,44,256429,1.72,2023
48211,Hemphill,TX,0,3311,0.00,2023
48213,Henderson,TX,10,83658,1.20,2023
48215,Hidalgo,TX,48,880921,0.54,2023
48217,Hill,TX,3,36664,0.82,2023
48219,Hockley,TX,,21455,,
48221,Hood,TX,9,64198,1.40,2023
48223,Hopkins,TX,4,37351,1.07,2022
48225,Houston,TX,0,22042,0.00,2023
48227,Howard,TX,,33127,,
48229,Hudspeth,TX,0,3331,0.00,2023
48231,Hunt,TX,7,104917,0.67,2023
48233,Hutchinson,TX,,20413,,
48235,Irion,TX,0,1432,0.00,2023
48237,Jack,TX,0,8623,0.00,2023
48239,Jackson,TX,,15081,,
48241,Jasper,TX,,32807,,
48243,Jeff Davis,TX,0,1740,0.00,2023
48245,Jefferson,TX,20,253939,0.79,2023
48247,Jim Hogg,TX,0,4797,0.00,2023
48249,Jim Wells,TX,3,38863,0.77,2023
48251,Johnson,TX,16,188820,0.85,2023
48253,Jones,TX,,19968,,
48255,Karnes,TX,0,14819,0.00,2023
48257,Kaufman,TX,13,160718,0.81,2023
48259,Kendall,TX,8,46971,1.70,2023
48261,Kenedy,TX,0,52,0.00,2023
48263,Kent,TX,0,727,0.00,2023
48265,Kerr,TX,4,53166,0.75,2023
48267,Kimble,TX,0,4355,0.00,2023
48269,King,TX,0,189,0.00,2023
48271,Kinney,TX,0,3140,0.00,2023
48273,Kleberg,TX,3,30629,0.98,2023
48275,Knox,TX,0,3322,0.00,2023
48277,Lamar,TX,6,50421,1.19,2023
48279,Lamb,TX,0,12919,0.00,2023
48281,Lampasas,TX,0,22267,0.00,2023
48283,La Salle,TX,0,6946,0.00,2023
48285,Lavaca,TX,,20479,,
48287,Lee,TX,3,17758,1.69,2023
48289,Leon,TX,0,16067,0.00,2023
48291,Liberty,TX,4,97993,0.41,2022
48293,Limestone,TX,0,22185,0.00,2023
48295,Lipscomb,TX,0,2964,0.00,2023
48297,Live Oak,TX,0,11444,0.00,2023
48299,Llano,TX,,22011,,
48301,Loving,TX,0,54,0.00,2023
48303,Lubbock,TX,41,314633,1.30,2023
48305,Lynn,TX,0,5667,0.00,2023
48307,McCulloch,TX,0,7565,0.00,2023
48309,McLennan,TX,33,263608,1.25,2023
48311,McMullen,TX,0,623,0.00,2023
48313,Madison,TX,,13574,,
48315,Marion,TX,0,9631,0.00,2023
48317,Martin,TX,0,5230,0.00,2023
48319,Mason,TX,0,3951,0.00,2023
48321,Matagorda,TX,3,36274,0.83,2023
48323,Maverick,TX,,57770,,
48325,Medina,TX,4,52419,0.76,2023
48327,Menard,TX,0,1964,0.00,2023
48329,Midland,TX,25,171496,1.46,2023
48331,Milam,TX,3,25268,1.19,2022
48333,Mills,TX,0,4499,0.00,2023
48335,Mitchell,TX,0,8989,0.00,2023
48337,Montague,TX,,20599,,
48339,Montgomery,TX,89,654722,1.36,2023
48341,Moore,TX,,21234,,
48343,Morris,TX,0,12014,0.00,2023
48345,Motley,TX,0,1267,0.00,2023
48347,Nacogdoches,TX,5,64897,0.77,2023
48349,Navarro,TX,4,53735,0.74,2023
48351,Newton,TX,0,12193,0.00,2023
48353,Nolan,TX,,14565,,
48355,Nueces,TX,36,352829,1.02,2023
48357,Ochiltree,TX,0,9852,0.00,2023
48359,Oldham,TX,0,2097,0.00,2023
48361,Orange,TX,7,84993,0.82,2023
48363,Palo Pinto,TX,,28920,,
48365,Panola,TX,,22624,,
48367,Parker,TX,17,158079,1.08,2023
48369,Parmer,TX,0,9752,0.00,2023
48371,Pecos,TX,0,14983,0.00,2023
48373,Polk,TX,3,51780,0.58,2023
48375,Potter,TX,15,116634,1.29,2023
48377,Presidio,TX,0,6043,0.00,2023
48379,Rains,TX,0,12505,0.00,2023
48381,Randall,TX,14,143791,0.97,2023
48383,Reagan,TX,0,3259,0.00,2023
48385,Real,TX,0,2821,0.00,2023
48387,Red River,TX,0,11621,0.00,2023
48389,Reeves,TX,0,13219,0.00,2023
48391,Refugio,TX,0,6693,0.00,2023
48393,Roberts,TX,0,785,0.00,2023
48395,Robertson,TX,,16973,,
48397,Rockwall,TX,24,116931,2.05,2023
48399,Runnels,TX,0,9880,0.00,2023
48401,Rusk,TX,3,52613,0.57,2023
48403,Sabine,TX,0,9998,0.00,2023
48405,San Augustine,TX,0,7889,0.00,2023
48407,San Jacinto,TX,0,27983,0.00,2023
48409,San Patricio,TX,5,69519,0.72,2023
48411,San Saba,TX,0,5802,0.00,2023
48413,Schleicher,TX,0,2426,0.00,2023
48415,Scurry,TX,0,16633,0.00,2023
48417,Shackelford,TX,0,3169,0.00,2023
48419,Shelby,TX,3,24108,1.24,2020
48421,Sherman,TX,0,2434,0.00,2023
48423,Smith,TX,26,238014,1.09,2023
48425,Somervell,TX,,9510,,
48427,Starr,TX,,65809,,
48429,Stephens,TX,,9278,,
48431,Sterling,TX,0,1389,0.00,2023
48433,Stonewall,TX,0,1244,0.00,2023
48435,Sutton,TX,0,3306,0.00,2023
48437,Swisher,TX,0,6981,0.00,2023
48439,Tarrant,TX,275,2135743,1.29,2023
48441,Taylor,TX,20,144259,1.39,2023
48443,Terrell,TX,0,851,0.00,2023
48445,Terry,TX,0,11699,0.00,2023
48447,Throckmorton,TX,0,1589,0.00,2023
48449,Titus,TX,3,31284,0.96,2021
48451,Tom Green,TX,16,119398,1.34,2023
48453,Travis,TX,292,1307625,2.23,2023
48455,Trinity,TX,,13850,,
48457,Tyler,TX,0,20084,0.00,2023
48459,Upshur,TX,0,41864,0.00,2023
48461,Upton,TX,0,3227,0.00,2023
48463,Uvalde,TX,3,24810,1.21,2022
48465,Val Verde,TX,,47647,,
48467,Van Zandt,TX,,61323,,
48469,Victoria,TX,9,91281,0.99,2023
48471,Walker,TX,4,78292,0.51,2022
48473,Waller,TX,3,59455,0.50,2023
48475,Ward,TX,0,11255,0.00,2023
48477,Washington,TX,3,36156,0.83,2023
48479,Webb,TX,26,267731,0.97,2023
48481,Wharton,TX,,41651,,
48483,Wheeler,TX,0,4902,0.00,2023
48485,Wichita,TX,10,129842,0.77,2023
48487,Wilbarger,TX,,12712,,
48489,Willacy,TX,,20218,,
48491,Williamson,TX,100,643889,1.55,2023
48493,Wilson,TX,3,51501,0.58,2023
48495,Winkler,TX,0,7540,0.00,2023
48497,Wise,TX,6,72359,0.83,2023
48499,Wood,TX,5,46094,1.08,2023
48501,Yoakum,TX,0,7589,0.00,2023
48503,Young,TX,0,17963,0.00,2023
48505,Zapata,TX,0,13855,0.00,2023
48507,Zavala,TX,0,9532,0.00,2023
49001,Beaver,UT,0,7172,0.00,2023
49003,Box Elder,UT,5,59725,0.84,2023
49005,Cache,UT,11,137031,0.80,2023
49007,Carbon,UT,,20446,,
49009,Daggett,UT,0,747,0.00,2023
49011,Davis,UT,44,366742,1.20,2023
49013,Duchesne,UT,,19932,,
49015,Emery,UT,0,9968,0.00,2023
49017,Garfield,UT,0,5170,0.00,2023
49019,Grand,UT,,9697,,
49021,Iron,UT,6,60201,1.00,2023
49023,Juab,UT,0,12273,0.00,2023
49025,Kane,UT,,7996,,
49027,Millard,UT,,13179,,
49029,Morgan,UT,,12585,,
49031,Piute,UT,0,1705,0.00,2023
49033,Rich,UT,0,2588,0.00,2023
49035,Salt Lake,UT,150,1184689,1.27,2023
49037,San Juan,UT,0,14466,0.00,2023
49039,Sanpete,UT,,29209,,
49041,Sevier,UT,3,21854,1.37,2023
49043,Summit,UT,12,42709,2.81,2023
49045,Tooele,UT,3,76648,0.39,2023
49047,Uintah,UT,4,36458,1.10,2023
49049,Utah,UT,65,683622,0.95,2023
49051,Wasatch,UT,5,35808,1.40,2023
49053,Washington,UT,33,189827,1.74,2023
49055,Wayne,UT,0,2557,0.00,2023
49057,Weber,UT,21,266183,0.79,2023
50001,Addison,VT,4,37497,1.07,2023
50003,Bennington,VT,8,37312,2.14,2023
50005,Caledonia,VT,5,30425,1.64,2023
50007,Chittenden,VT,33,168831,1.95,2023
50009,Essex,VT,0,5972,0.00,2023
50011,Franklin,VT,5,50379,0.99,2023
50013,Grand Isle,VT,,7393,,
50015,Lamoille,VT,7,26036,2.69,2023
50017,Orange,VT,,29594,,
50019,Orleans,VT,,27492,,
50021,Rutland,VT,5,60484,0.83,2023
50023,Washington,VT,11,59958,1.83,2023
50025,Windham,VT,6,45913,1.31,2023
50027,Windsor,VT,6,57968,1.04,2023
51001,Accomack,VA,,33326,,
51003,Albemarle,VA,21,113683,1.85,2023
51005,Alleghany,VA,,14962,,
51007,Amelia,VA,0,13342,0.00,2023
51009,Amherst,VA,,31385,,
51011,Appomattox,VA,3,16424,1.83,2023
51013,Arlington,VA,74,235463,3.14,2023
51015,Augusta,VA,4,77713,0.51,2023
51017,Bath,VA,,4123,,
51019,Bedford,VA,6,80254,0.75,2023
51021,Bland,VA,0,6211,0.00,2023
51023,Botetourt,VA,5,33875,1.48,2023
51025,Brunswick,VA,0,15868,0.00,2023
51027,Buchanan,VA,,19857,,
51029,Buckingham,VA,0,16914,0.00,2023
51031,Campbell,VA,6,55398,1.08,2023
51033,Caroline,VA,3,31541,0.95,2023
51035,Carroll,VA,,29158,,
51036,Charles City,VA,0,6686,0.00,2023
51037,Charlotte,VA,,11475,,
51041,Chesterfield,VA,52,371610,1.40,2023
51043,Clarke,VA,,15060,,
51045,Craig,VA,0,4881,0.00,2023
51047,Culpeper,VA,9,53563,1.68,2023
51049,Cumberland,VA,0,9745,0.00,2023
51051,Dickenson,VA,0,13920,0.00,2023
51053,Dinwiddie,VA,0,28083,0.00,2023
51057,Essex,VA,0,10604,0.00,2023
51059,Fairfax,VA,206,1144474,1.80,2023
51061,Fauquier,VA,8,73935,1.08,2023
51063,Floyd,VA,5,15560,3.21,2020
51065,Fluvanna,VA,0,27764,0.00,2023
51067,Franklin,VA,6,54958,1.09,2023
51069,Frederick,VA,9,93355,0.96,2023
51071,Giles,VA,0,16610,0.00,2023
51073,Gloucester,VA,9,39228,2.29,2023
51075,Goochland,VA,3,25613,1.17,2023
51077,Grayson,VA,0,15323,0.00,2023
51079,Greene,VA,,20850,,
51081,Greensville,VA,0,11304,0.00,2023
51083,Halifax,VA,,33811,,
51085,Hanover,VA,19,111652,1.70,2023
51087,Henrico,VA,68,334434,2.03,2023
51089,Henry,VA,4,50365,0.79,2021
51091,Highland,VA,0,2265,0.00,2023
51093,Isle of Wight,VA,3,39444,0.76,2023
51095,James City,VA,17,80046,2.12,2023
51097,King and Queen,VA,0,6676,0.00,2023
51099,King George,VA,3,27468,1.09,2021
51101,King William,VA,,18232,,
51103,Lancaster,VA,,10876,,
51105,Lee,VA,0,22042,0.00,2023
51107,Loudoun,VA,75,427082,1.76,2023
51109,Louisa,VA,4,39012,1.03,2023
51111,Lunenburg,VA,0,11990,0.00,2023
51113,Madison,VA,0,13931,0.00,2023
51115,Mathews,VA,0,8517,0.00,2023
51117,Mecklenburg,VA,3,30431,0.99,2023
51119,Middlesex,VA,,10774,,
51121,Montgomery,VA,18,99159,1.82,2023
51125,Nelson,VA,0,14777,0.00,2023
51127,New Kent,VA,,24139,,
51131,Northampton,VA,0,12115,0.00,2023
51133,Northumberland,VA,,12085,,
51135,Nottoway,VA,,15597,,
51137,Orange,VA,3,37208,0.81,2023
51139,Page,VA,,23750,,
51141,Patrick,VA,0,17606,0.00,2023
51143,Pittsylvania,VA,,60148,,
51145,Powhatan,VA,,31074,,
51147,Prince Edward,VA,,21932,,
51149,Prince George,VA,,42873,,
51153,Prince William,VA,61,484625,1.26,2023
51155,Pulaski,VA,4,33771,1.18,2023
51157,Rappahannock,VA,0,7409,0.00,2023
51159,Richmond,VA,0,9047,0.00,2023
51161,Roanoke,VA,15,96793,1.55,2023
51163,Rockbridge,VA,0,22578,0.00,2023
51165,Rockingham,VA,4,84739,0.47,2023
51167,Russell,VA,0,25635,0.00,2023
51169,Scott,VA,0,21504,0.00,2023
51171,Shenandoah,VA,0,44630,0.00,2023
51173,Smyth,VA,,29585,,
51175,Southampton,VA,0,17988,0.00,2023
51177,Spotsylvania,VA,8,143876,0.56,2023
51179,Stafford,VA,16,160520,1.00,2023
51181,Surry,VA,0,6552,0.00,2023
51183,Sussex,VA,0,10793,0.00,2023
51185,Tazewell,VA,3,39933,0.75,2023
51187,Warren,VA,3,41104,0.73,2022
51191,Washington,VA,4,53913,0.74,2023
51193,Westmoreland,VA,,18683,,
51195,Wise,VA,,35727,,
51197,Wythe,VA,,28219,,
51199,York,VA,10,70590,1.42,2023
51510,Alexandria,VA,43,156788,2.74,2023
51520,Bristol,VA,4,17024,2.35,2023
51530,Buena Vista,VA,0,6612,0.00,2023
51540,Charlottesville,VA,15,45863,3.27,2023
51550,Chesapeake,VA,31,251153,1.23,2023
51570,Colonial Heights,VA,3,18210,1.65,2020
51580,Covington,VA,,5671,,
51590,Danville,VA,7,42239,1.66,2023
51595,Emporia,VA,,5633,,
51600,Fairfax,VA,15,24478,6.13,2023
51610,Falls Church,VA,8,14593,5.48,2023
51620,Franklin,VA,3,8212,3.65,2023
51630,Fredericksburg,VA,5,28383,1.76,2023
51640,Galax,VA,0,6698,0.00,2023
51650,Hampton,VA,15,137334,1.09,2023
51660,Harrisonburg,VA,11,51492,2.14,2023
51670,Hopewell,VA,3,22944,1.31,2019
51678,Lexington,VA,0,7420,0.00,2023
51680,Lynchburg,VA,18,79255,2.27,2023
51683,Manassas,VA,9,42674,2.11,2023
51685,Manassas Park,VA,3,16923,1.77,2023
51690,Martinsville,VA,3,13584,2.21,2021
51700,Newport News,VA,26,184774,1.41,2023
51710,Norfolk,VA,25,235037,1.06,2023
51720,Norton,VA,0,3620,0.00,2023
51730,Petersburg,VA,3,33365,0.90,2022
51735,Poquoson,VA,0,12556,0.00,2023
51740,Portsmouth,VA,4,97299,0.41,2023
51750,Radford,VA,0,16505,0.00,2023
51760,Richmond,VA,28,227595,1.23,2023
51770,Roanoke,VA,16,98677,1.62,2023
51775,Salem,VA,3,25477,1.18,2023
51790,Staunton,VA,7,25765,2.72,2023
51800,Suffolk,VA,9,96638,0.93,2023
51810,Virginia Beach,VA,80,457066,1.75,2023
51820,Waynesboro,VA,4,22574,1.77,2023
51830,Williamsburg,VA,5,15564,3.21,2023
51840,Winchester,VA,6,27981,2.14,2023
53001,Adams,WA,,20690,,
53003,Asotin,WA,,22424,,
53005,Benton,WA,36,210224,1.71,2023
53007,Chelan,WA,20,79518,2.52,2023
53009,Clallam,WA,8,77593,1.03,2023
53011,Clark,WA,64,510516,1.25,2023
53013,Columbia,WA,0,3996,0.00,2023
53015,Cowlitz,WA,8,111539,0.72,2023
53017,Douglas,WA,3,43733,0.69,2022
53019,Ferry,WA,0,7326,0.00,2023
53021,Franklin,WA,5,97676,0.51,2023
53023,Garfield,WA,0,2326,0.00,2023
53025,Grant,WA,9,100428,0.90,2023
53027,Grays Harbor,WA,3,76397,0.39,2023
53029,Island,WA,11,86747,1.27,2023
53031,Jefferson,WA,7,33313,2.10,2023
53033,King,WA,422,2262713,1.87,2023
53035,Kitsap,WA,35,276581,1.27,2023
53037,Kittitas,WA,7,44736,1.56,2023
53039,Klickitat,WA,,23082,,
53041,Lewis,WA,4,83925,0.48,2023
53043,Lincoln,WA,,11271,,
53045,Mason,WA,5,66968,0.75,2023
53047,Okanogan,WA,6,42811,1.40,2023
53049,Pacific,WA,3,23750,1.26,2023
53051,Pend Oreille,WA,0,13811,0.00,2023
53053,Pierce,WA,102,924106,1.10,2023
53055,San Juan,WA,6,18266,3.28,2023
53057,Skagit,WA,15,130407,1.15,2023
53059,Skamania,WA,0,12276,0.00,2023
53061,Snohomish,WA,90,834648,1.08,2023
53063,Spokane,WA,86,544323,1.58,2023
53065,Stevens,WA,5,47470,1.05,2023
53067,Thurston,WA,24,296640,0.81,2023
53069,Wahkiakum,WA,0,4573,0.00,2023
53071,Walla Walla,WA,5,62102,0.81,2023
53073,Whatcom,WA,39,228432,1.71,2023
53075,Whitman,WA,4,47042,0.85,2023
53077,Yakima,WA,18,256605,0.70,2023
54001,Barbour,WV,,15454,,
54003,Berkeley,WV,8,126165,0.63,2023
54005,Boone,WV,0,21312,0.00,2023
54007,Braxton,WV,0,12345,0.00,2023
54009,Brooke,WV,0,22053,0.00,2023
54011,Cabell,WV,9,93300,0.96,2023
54013,Calhoun,WV,0,6158,0.00,2023
54015,Clay,WV,0,7946,0.00,2023
54017,Doddridge,WV,0,7767,0.00,2023
54019,Fayette,WV,3,39987,0.75,2022
54021,Gilmer,WV,0,7376,0.00,2023
54023,Grant,WV,0,10972,0.00,2023
54025,Greenbrier,WV,,32688,,
54027,Hampshire,WV,,23340,,
54029,Hancock,WV,3,28658,1.05,2020
54031,Hardy,WV,,14236,,
54033,Harrison,WV,9,65407,1.38,2023
54035,Jackson,WV,0,27753,0.00,2023
54037,Jefferson,WV,3,58546,0.51,2022
54039,Kanawha,WV,17,178198,0.95,2023
54041,Lewis,WV,0,16808,0.00,2023
54043,Lincoln,WV,0,20170,0.00,2023
54045,Logan,WV,,31826,,
54047,McDowell,WV,0,18413,0.00,2023
54049,Marion,WV,4,56042,0.71,2023
54051,Marshall,WV,0,30129,0.00,2023
54053,Mason,WV,,25214,,
54055,Mercer,WV,3,59062,0.51,2019
54057,Mineral,WV,,26922,,
54059,Mingo,WV,,22979,,
54061,Monongalia,WV,19,106520,1.78,2023
54063,Monroe,WV,0,12401,0.00,2023
54065,Morgan,WV,,17327,,
54067,Nicholas,WV,,24446,,
54069,Ohio,WV,3,41904,0.72,2023
54071,Pendleton,WV,0,6111,0.00,2023
54073,Pleasants,WV,0,7572,0.00,2023
54075,Pocahontas,WV,,7855,,
54077,Preston,WV,3,34204,0.88,2023
54079,Putnam,WV,4,57250,0.70,2023
54081,Raleigh,WV,3,73666,0.41,2023
54083,Randolph,WV,3,27782,1.08,2023
54085,Ritchie,WV,0,8372,0.00,2023
54087,Roane,WV,0,13921,0.00,2023
54089,Summers,WV,0,11833,0.00,2023
54091,Taylor,WV,0,16543,0.00,2023
54093,Tucker,WV,,6698,,
54095,Tyler,WV,0,8181,0.00,2023
54097,Upshur,WV,0,23758,0.00,2023
54099,Wayne,WV,,38498,,
54101,Webster,WV,0,8253,0.00,2023
54103,Wetzel,WV,0,14233,0.00,2023
54105,Wirt,WV,0,5131,0.00,2023
54107,Wood,WV,8,83829,0.95,2023
54109,Wyoming,WV,0,20948,0.00,2023
55001,Adams,WI,,20928,,
55003,Ashland,WI,,16050,,
55005,Barron,WI,5,46741,1.07,2023
55007,Bayfield,WI,,16410,,
55009,Brown,WI,44,269425,1.63,2023
55011,Buffalo,WI,,13341,,
55013,Burnett,WI,,16741,,
55015,Calumet,WI,5,52626,0.95,2023
55017,Chippewa,WI,6,66558,0.90,2023
55019,Clark,WI,,34736,,
55021,Columbia,WI,4,58322,0.69,2023
55023,Crawford,WI,3,16064,1.87,2023
55025,Dane,WI,149,564777,2.64,2023
55027,Dodge,WI,7,88818,0.79,2023
55029,Door,WI,3,30279,0.99,2023
55031,Douglas,WI,7,44197,1.58,2023
55033,Dunn,WI,9,45349,1.98,2023
55035,Eau Claire,WI,22,106328,2.07,2023
55037,Florence,WI,0,4617,0.00,2023
55039,Fond du Lac,WI,14,104053,1.35,2023
55041,Forest,WI,,9261,,
55043,Grant,WI,5,51678,0.97,2023
55045,Green,WI,5,37036,1.35,2023
55047,Green Lake,WI,,19165,,
55049,Iowa,WI,,23832,,
55051,Iron,WI,,6164,,
55053,Jackson,WI,,20971,,
55055,Jefferson,WI,12,85867,1.40,2023
55057,Juneau,WI,4,26695,1.50,2023
55059,Kenosha,WI,17,168413,1.01,2023
55061,Kewaunee,WI,,20621,,
55063,La Crosse,WI,27,120262,2.25,2023
55065,Lafayette,WI,0,16788,0.00,2023
55067,Langlade,WI,,19473,,
55069,Lincoln,WI,,28403,,
55071,Manitowoc,WI,5,81314,0.61,2023
55073,Marathon,WI,11,138067,0.80,2023
55075,Marinette,WI,4,41907,0.95,2023
55077,Marquette,WI,,15706,,
55078,Menominee,WI,0,4256,0.00,2023
55079,Milwaukee,WI,113,927656,1.22,2023
55081,Monroe,WI,3,46169,0.65,2023
55083,Oconto,WI,5,39329,1.27,2023
55085,Oneida,WI,5,38007,1.32,2023
55087,Outagamie,WI,36,191537,1.88,2023
55089,Ozaukee,WI,23,92345,2.49,2023
55091,Pepin,WI,0,7372,0.00,2023
55093,Pierce,WI,4,42351,0.94,2023
55095,Polk,WI,3,45327,0.66,2022
55097,Portage,WI,11,70375,1.56,2023
55099,Price,WI,,14077,,
55101,Racine,WI,23,196888,1.17,2023
55103,Richland,WI,,17229,,
55105,Rock,WI,15,163944,0.91,2023
55107,Rusk,WI,,14146,,
55109,St. Croix,WI,19,94819,2.00,2023
55111,Sauk,WI,9,65759,1.37,2023
55113,Sawyer,WI,,18243,,
55115,Shawano,WI,4,40927,0.98,2023
55117,Sheboygan,WI,13,117783,1.10,2023
55119,Taylor,WI,,19972,,
55121,Trempealeau,WI,,30786,,
55123,Vernon,WI,,30915,,
55125,Vilas,WI,3,23410,1.28,2023
55127,Walworth,WI,9,105447,0.85,2023
55129,Washburn,WI,3,16749,1.79,2020
55131,Washington,WI,14,137320,1.02,2023
55133,Waukesha,WI,97,409040,2.37,2023
55135,Waupaca,WI,5,51714,0.97,2023
55137,Waushara,WI,,24752,,
55139,Winnebago,WI,24,171357,1.40,2023
55141,Wood,WI,8,74039,1.08,2023
56001,Albany,WY,7,37713,1.86,2023
56003,Big Horn,WY,3,11737,2.56,2023
56005,Campbell,WY,4,47018,0.85,2023
56007,Carbon,WY,,14549,,
56009,Converse,WY,,13759,,
56011,Crook,WY,,7339,,
56013,Fremont,WY,8,39472,2.03,2023
56015,Goshen,WY,,12587,,
56017,Hot Springs,WY,,4618,,
56019,Johnson,WY,3,8602,3.49,2019
56021,Laramie,WY,12,100661,1.19,2023
56023,Lincoln,WY,6,20158,2.98,2023
56025,Natrona,WY,11,79735,1.38,2023
56027,Niobrara,WY,0,2415,0.00,2023
56029,Park,WY,4,30109,1.33,2023
56031,Platte,WY,0,8606,0.00,2023
56033,Sheridan,WY,8,31585,2.53,2023
56035,Sublette,WY,0,8806,0.00,2023
56037,Sweetwater,WY,5,41786,1.20,2023
56039,Teton,WY,13,23358,5.57,2023
56041,Uinta,WY,,20605,,
56043,Washakie,WY,0,7708,0.00,2023
56045,Weston,WY,0,6835,0.00,2023
72001,Adjuntas,PR,0,17975,0.00,2023
72003,Aguada,PR,0,37904,0.00,2023
72005,Aguadilla,PR,4,54486,0.73,2023
72007,Aguas Buenas,PR,0,23888,0.00,2023
72009,Aibonito,PR,0,24610,0.00,2023
72011,Añasco,PR,0,25316,0.00,2023
72013,Arecibo,PR,0,86875,0.00,2023
72015,Arroyo,PR,0,15573,0.00,2023
72017,Barceloneta,PR,0,22565,0.00,2023
72019,Barranquitas,PR,0,28984,0.00,2023
72021,Bayamón,PR,3,183456,0.16,2023
72023,Cabo Rojo,PR,,46955,,
72025,Caguas,PR,6,126239,0.48,2023
72027,Camuy,PR,0,32753,0.00,2023
72029,Canóvanas,PR,0,42037,0.00,2023
72031,Carolina,PR,8,153226,0.52,2023
72033,Cataño,PR,0,22768,0.00,2023
72035,Cayey,PR,3,41231,0.73,2022
72037,Ceiba,PR,0,11128,0.00,2023
72039,Ciales,PR,0,16874,0.00,2023
72041,Cidra,PR,0,39765,0.00,2023
72043,Coamo,PR,0,34294,0.00,2023
72045,Comerío,PR,0,18775,0.00,2023
72047,Corozal,PR,0,34474,0.00,2023
72049,Culebra,PR,0,1281,0.00,2023
72051,Dorado,PR,0,35816,0.00,2023
72053,Fajardo,PR,3,31756,0.94,2019
72054,Florida,PR,0,11624,0.00,2023
72055,Guánica,PR,0,13266,0.00,2023
72057,Guayama,PR,,35845,,
72059,Guayanilla,PR,0,17418,0.00,2023
72061,Guaynabo,PR,4,89503,0.45,2022
72063,Gurabo,PR,0,40383,0.00,2023
72065,Hatillo,PR,0,38266,0.00,2023
72067,Hormigueros,PR,0,15520,0.00,2023
72069,Humacao,PR,3,50441,0.59,2023
72071,Isabela,PR,,42878,,
72073,Jayuya,PR,0,14653,0.00,2023
72075,Juana Díaz,PR,0,46276,0.00,2023
72077,Juncos,PR,0,36895,0.00,2023
72079,Lajas,PR,,23133,,
72081,Lares,PR,0,27944,0.00,2023
72083,Las Marías,PR,0,8790,0.00,2023
72085,Las Piedras,PR,0,35034,0.00,2023
72087,Loíza,PR,0,23176,0.00,2023
72089,Luquillo,PR,0,17631,0.00,2023
72091,Manatí,PR,0,39152,0.00,2023
72093,Maricao,PR,0,5176,0.00,2023
72095,Maunabo,PR,0,10482,0.00,2023
72097,Mayagüez,PR,3,71824,0.42,2023
72099,Moca,PR,0,37402,0.00,2023
72101,Morovis,PR,0,28534,0.00,2023
72103,Naguabo,PR,0,23205,0.00,2023
72105,Naranjito,PR,0,29246,0.00,2023
72107,Orocovis,PR,0,21351,0.00,2023
72109,Patillas,PR,0,15753,0.00,2023
72111,Peñuelas,PR,0,20082,0.00,2023
72113,Ponce,PR,3,134676,0.22,2022
72115,Quebradillas,PR,0,23486,0.00,2023
72117,Rincón,PR,,15276,,
72119,Río Grande,PR,,46478,,
72121,Sabana Grande,PR,0,22541,0.00,2023
72123,Salinas,PR,0,25397,0.00,2023
72125,San Germán,PR,0,31514,0.00,2023
72127,San Juan,PR,21,338661,0.62,2023
72129,San Lorenzo,PR,0,37515,0.00,2023
72131,San Sebastián,PR,0,39168,0.00,2023
72133,Santa Isabel,PR,0,20064,0.00,2023
72135,Toa Alta,PR,0,66536,0.00,2023
72137,Toa Baja,PR,,73987,,
72139,Trujillo Alto,PR,0,67329,0.00,2023
72141,Utuado,PR,0,27896,0.00,2023
72143,Vega Alta,PR,0,35114,0.00,2023
72145,Vega Baja,PR,0,54058,0.00,2023
72147,Vieques,PR,0,8147,0.00,2023
72149,Villalba,PR,0,21778,0.00,2023
72151,Yabucoa,PR,0,29868,0.00,2023
72153,Yauco,PR,3,33509,0.90,2023
